"T.gas","T.liquid","U.gas:0","U.gas:1","U.gas:2","U.liquid:0","U.liquid:1","U.liquid:2","air.gas","alpha.gas","alpha.liquid","alphat.gas","alphat.liquid","d.gas","k.gas","k.liquid","nut.gas","nut.liquid","omega.gas","omega.liquid","p","p_rgh","particle.gas","particle.liquid","particleMass_inAir","water.liquid","vtkValidPointMask","arc_length","Points:0","Points:1","Points:2"
350,350,-0.001219,0.13924,-0.0010895,-0.001041,0.052959,-0.001222,1,0.14118,0.85882,0.34223,1.8859,0.00057861,0.03857,0.013642,0.0024576,0.0014219,15.697,9.585,1.3939e+07,1.394e+07,0,0.18181,18.954,0.81819,1,0,0,0.15,0
350,350,0.00092392,0.13894,-0.0013439,0.0010785,0.052651,-0.0012853,1,0.14076,0.85924,0.34223,1.8803,0.00057861,0.038573,0.013645,0.0024576,0.0014178,15.697,9.5878,1.3939e+07,1.394e+07,0,0.18181,18.887,0.81819,1,0.0002,0,0.15,0.0002
350,350,0.0030668,0.13863,-0.0015982,0.0031981,0.052343,-0.0013486,1,0.14034,0.85966,0.34223,1.8748,0.00057861,0.038575,0.013648,0.0024575,0.0014136,15.698,9.5907,1.3939e+07,1.394e+07,0,0.18181,18.819,0.81819,1,0.0004,0,0.15,0.0004
350,350,0.0052097,0.13833,-0.0018525,0.0053176,0.052035,-0.0014119,1,0.13993,0.86007,0.34222,1.8693,0.00057861,0.038577,0.013652,0.0024575,0.0014094,15.699,9.5935,1.3939e+07,1.394e+07,0,0.18181,18.751,0.81819,1,0.0006,0,0.15,0.0006
350,350,0.0073526,0.13803,-0.0021069,0.0074371,0.051728,-0.0014752,1,0.13951,0.86049,0.34222,1.8637,0.00057861,0.03858,0.013655,0.0024575,0.0014052,15.7,9.5963,1.3939e+07,1.394e+07,0,0.18181,18.683,0.81819,1,0.0008,0,0.15,0.0008
350,350,0.0094955,0.13772,-0.0023612,0.0095567,0.05142,-0.0015385,1,0.13909,0.86091,0.34222,1.8582,0.00057861,0.038582,0.013658,0.0024575,0.0014011,15.701,9.5991,1.3939e+07,1.394e+07,0,0.18181,18.616,0.81819,1,0.001,0,0.15,0.001
350,350,0.011638,0.13742,-0.0026156,0.011676,0.051112,-0.0016018,1,0.13867,0.86133,0.34222,1.8527,0.00057861,0.038585,0.013661,0.0024575,0.0013969,15.702,9.6019,1.3939e+07,1.394e+07,0,0.18181,18.548,0.81819,1,0.0012,0,0.15,0.0012
350,350,0.013781,0.13711,-0.0028699,0.013796,0.050804,-0.0016651,1,0.13826,0.86174,0.34221,1.8471,0.00057861,0.038587,0.013664,0.0024574,0.0013927,15.703,9.6047,1.3939e+07,1.394e+07,0,0.18181,18.48,0.81819,1,0.0014,0,0.15,0.0014
350,350,0.015924,0.13681,-0.0031242,0.015915,0.050496,-0.0017284,1,0.13784,0.86216,0.34221,1.8416,0.00057861,0.038589,0.013668,0.0024574,0.0013886,15.704,9.6075,1.3939e+07,1.394e+07,0,0.18181,18.413,0.81819,1,0.0016,0,0.15,0.0016
350,350,0.018067,0.1365,-0.0033786,0.018035,0.050189,-0.0017917,1,0.13742,0.86258,0.34221,1.8361,0.00057861,0.038592,0.013671,0.0024574,0.0013844,15.704,9.6103,1.3939e+07,1.394e+07,0,0.18181,18.345,0.81819,1,0.0018,0,0.15,0.0018
350,350,0.02021,0.1362,-0.0036329,0.020154,0.049881,-0.001855,1,0.137,0.863,0.3422,1.8305,0.00057861,0.038594,0.013674,0.0024574,0.0013802,15.705,9.6132,1.3939e+07,1.394e+07,0,0.18181,18.277,0.81819,1,0.002,0,0.15,0.002
350,350,0.022353,0.13589,-0.0038872,0.022274,0.049573,-0.0019183,1,0.13659,0.86341,0.3422,1.825,0.00057861,0.038597,0.013677,0.0024574,0.001376,15.706,9.616,1.3939e+07,1.394e+07,0,0.18181,18.209,0.81819,1,0.0022,0,0.15,0.0022
350,350,0.024496,0.13559,-0.0041416,0.024393,0.049265,-0.0019816,1,0.13617,0.86383,0.3422,1.8194,0.00057861,0.038599,0.01368,0.0024573,0.0013719,15.707,9.6188,1.3939e+07,1.394e+07,0,0.18181,18.142,0.81819,1,0.0024,0,0.15,0.0024
350,350,0.026639,0.13528,-0.0043959,0.026513,0.048958,-0.0020449,1,0.13575,0.86425,0.3422,1.8139,0.00057861,0.038601,0.013684,0.0024573,0.0013677,15.708,9.6216,1.3939e+07,1.394e+07,0,0.18181,18.074,0.81819,1,0.0026,0,0.15,0.0026
350,350,0.028782,0.13498,-0.0046503,0.028632,0.04865,-0.0021082,1,0.13533,0.86467,0.34219,1.8084,0.00057861,0.038604,0.013687,0.0024573,0.0013635,15.709,9.6244,1.3939e+07,1.394e+07,0,0.18181,18.006,0.81819,1,0.0028,0,0.15,0.0028
350,350,0.030924,0.13467,-0.0049046,0.030752,0.048342,-0.0021715,1,0.13491,0.86509,0.34219,1.8028,0.00057861,0.038606,0.01369,0.0024573,0.0013593,15.71,9.6272,1.3939e+07,1.394e+07,0,0.18181,17.939,0.81819,1,0.003,0,0.15,0.003
350,350,0.033067,0.13437,-0.0051589,0.032871,0.048034,-0.0022348,1,0.1345,0.8655,0.34219,1.7973,0.00057861,0.038609,0.013693,0.0024572,0.0013552,15.711,9.63,1.3939e+07,1.394e+07,0,0.18181,17.871,0.81819,1,0.0032,0,0.15,0.0032
350,350,0.03521,0.13406,-0.0054133,0.034991,0.047726,-0.0022981,1,0.13408,0.86592,0.34218,1.7918,0.00057861,0.038611,0.013696,0.0024572,0.001351,15.712,9.6328,1.3939e+07,1.394e+07,0,0.18181,17.803,0.81819,1,0.0034,0,0.15,0.0034
350,350,0.037353,0.13376,-0.0056676,0.037111,0.047419,-0.0023614,1,0.13366,0.86634,0.34218,1.7862,0.00057861,0.038613,0.0137,0.0024572,0.0013468,15.712,9.6357,1.3939e+07,1.394e+07,0,0.18181,17.736,0.81819,1,0.0036,0,0.15,0.0036
350,350,0.039496,0.13345,-0.005922,0.03923,0.047111,-0.0024247,1,0.13324,0.86676,0.34218,1.7807,0.00057861,0.038616,0.013703,0.0024572,0.0013426,15.713,9.6385,1.3939e+07,1.394e+07,0,0.18181,17.668,0.81819,1,0.0038,0,0.15,0.0038
350,350,0.041639,0.13315,-0.0061763,0.04135,0.046803,-0.002488,1,0.13283,0.86717,0.34217,1.7752,0.00057861,0.038618,0.013706,0.0024572,0.0013385,15.714,9.6413,1.3939e+07,1.394e+07,0,0.18181,17.6,0.81819,1,0.004,0,0.15,0.004
350,350,0.043782,0.13284,-0.0064306,0.043469,0.046495,-0.0025513,1,0.13241,0.86759,0.34217,1.7696,0.00057861,0.03862,0.013709,0.0024571,0.0013343,15.715,9.6441,1.3939e+07,1.394e+07,0,0.18181,17.532,0.81819,1,0.0042,0,0.15,0.0042
350,350,0.045925,0.13254,-0.006685,0.045589,0.046188,-0.0026146,1,0.13199,0.86801,0.34217,1.7641,0.00057861,0.038623,0.013712,0.0024571,0.0013301,15.716,9.6469,1.3939e+07,1.394e+07,0,0.18181,17.465,0.81819,1,0.0044,0,0.15,0.0044
350,350,0.048068,0.13223,-0.0069393,0.047708,0.04588,-0.0026779,1,0.13157,0.86843,0.34217,1.7586,0.00057861,0.038625,0.013715,0.0024571,0.001326,15.717,9.6497,1.3939e+07,1.394e+07,0,0.18181,17.397,0.81819,1,0.0046,0,0.15,0.0046
350,350,0.050211,0.13193,-0.0071936,0.049828,0.045572,-0.0027412,1,0.13116,0.86884,0.34216,1.753,0.00057861,0.038628,0.013719,0.0024571,0.0013218,15.718,9.6525,1.3939e+07,1.394e+07,0,0.18181,17.329,0.81819,1,0.0048,0,0.15,0.0048
350,350,0.052353,0.13162,-0.007448,0.051947,0.045264,-0.0028045,1,0.13074,0.86926,0.34216,1.7475,0.00057861,0.03863,0.013722,0.0024571,0.0013176,15.719,9.6553,1.3939e+07,1.394e+07,0,0.18181,17.262,0.81819,1,0.005,0,0.15,0.005
350,350,0.054496,0.13132,-0.0077023,0.054067,0.044956,-0.0028678,1,0.13032,0.86968,0.34216,1.742,0.00057861,0.038632,0.013725,0.002457,0.0013134,15.719,9.6581,1.3939e+07,1.394e+07,0,0.18181,17.194,0.81819,1,0.0052,0,0.15,0.0052
350,350,0.056639,0.13101,-0.0079567,0.056186,0.044649,-0.0029311,1,0.1299,0.8701,0.34215,1.7364,0.00057861,0.038635,0.013728,0.002457,0.0013093,15.72,9.661,1.3939e+07,1.394e+07,0,0.18181,17.126,0.81819,1,0.0054,0,0.15,0.0054
350,350,0.058782,0.13071,-0.008211,0.058306,0.044341,-0.0029944,1,0.12949,0.87051,0.34215,1.7309,0.00057861,0.038637,0.013731,0.002457,0.0013051,15.721,9.6638,1.3939e+07,1.394e+07,0,0.18181,17.058,0.81819,1,0.0056,0,0.15,0.0056
350,350,0.060925,0.13041,-0.0084653,0.060425,0.044033,-0.0030577,1,0.12907,0.87093,0.34215,1.7254,0.00057861,0.03864,0.013735,0.002457,0.0013009,15.722,9.6666,1.3939e+07,1.394e+07,0,0.18181,16.991,0.81819,1,0.0058,0,0.15,0.0058
350,350,0.063068,0.1301,-0.0087197,0.062545,0.043725,-0.003121,1,0.12865,0.87135,0.34214,1.7198,0.00057861,0.038642,0.013738,0.002457,0.0012967,15.723,9.6694,1.3939e+07,1.394e+07,0,0.18181,16.923,0.81819,1,0.006,0,0.15,0.006
350,350,0.065211,0.1298,-0.008974,0.064664,0.043417,-0.0031843,1,0.12823,0.87177,0.34214,1.7143,0.00057861,0.038644,0.013741,0.0024569,0.0012926,15.724,9.6722,1.3939e+07,1.394e+07,0,0.18181,16.855,0.81819,1,0.0062,0,0.15,0.0062
350,350,0.067354,0.12949,-0.0092284,0.066784,0.04311,-0.0032476,1,0.12781,0.87219,0.34214,1.7088,0.00057861,0.038647,0.013744,0.0024569,0.0012884,15.725,9.675,1.3939e+07,1.394e+07,0,0.18181,16.788,0.81819,1,0.0064,0,0.15,0.0064
350,350,0.069497,0.12919,-0.0094827,0.068903,0.042802,-0.0033109,1,0.1274,0.8726,0.34214,1.7032,0.00057861,0.038649,0.013747,0.0024569,0.0012842,15.726,9.6778,1.3939e+07,1.394e+07,0,0.18181,16.72,0.81819,1,0.0066,0,0.15,0.0066
350,350,0.07164,0.12888,-0.009737,0.071023,0.042494,-0.0033742,1,0.12698,0.87302,0.34213,1.6977,0.00057861,0.038652,0.013751,0.0024569,0.00128,15.726,9.6806,1.3939e+07,1.394e+07,0,0.18181,16.652,0.81819,1,0.0068,0,0.15,0.0068
350,350,0.073782,0.12858,-0.0099914,0.073143,0.042186,-0.0034375,1,0.12656,0.87344,0.34213,1.6921,0.00057861,0.038654,0.013754,0.0024568,0.0012759,15.727,9.6835,1.3939e+07,1.394e+07,0,0.18181,16.585,0.81819,1,0.007,0,0.15,0.007
350,350,0.075925,0.12827,-0.010246,0.075262,0.041879,-0.0035008,1,0.12614,0.87386,0.34213,1.6866,0.00057861,0.038656,0.013757,0.0024568,0.0012717,15.728,9.6863,1.3939e+07,1.394e+07,0,0.18181,16.517,0.81819,1,0.0072,0,0.15,0.0072
350,350,0.078068,0.12797,-0.0105,0.077382,0.041571,-0.0035641,1,0.12573,0.87427,0.34212,1.6811,0.00057861,0.038659,0.01376,0.0024568,0.0012675,15.729,9.6891,1.3939e+07,1.394e+07,0,0.18181,16.449,0.81819,1,0.0074,0,0.15,0.0074
350,350,0.080211,0.12766,-0.010754,0.079501,0.041263,-0.0036274,1,0.12531,0.87469,0.34212,1.6755,0.00057861,0.038661,0.013763,0.0024568,0.0012633,15.73,9.6919,1.3939e+07,1.394e+07,0,0.18181,16.381,0.81819,1,0.0076,0,0.15,0.0076
350,350,0.082354,0.12736,-0.011009,0.081621,0.040955,-0.0036907,1,0.12489,0.87511,0.34212,1.67,0.00057861,0.038664,0.013767,0.0024568,0.0012592,15.731,9.6947,1.3939e+07,1.394e+07,0,0.18181,16.314,0.81819,1,0.0078,0,0.15,0.0078
350,350,0.084497,0.12705,-0.011263,0.08374,0.040647,-0.003754,1,0.12447,0.87553,0.34212,1.6645,0.00057861,0.038666,0.01377,0.0024567,0.001255,15.732,9.6975,1.3939e+07,1.394e+07,0,0.18181,16.246,0.81819,1,0.008,0,0.15,0.008
350,350,0.08664,0.12675,-0.011517,0.08586,0.04034,-0.0038173,1,0.12406,0.87594,0.34211,1.6589,0.00057861,0.038668,0.013773,0.0024567,0.0012508,15.733,9.7003,1.3939e+07,1.394e+07,0,0.18181,16.178,0.81819,1,0.0082,0,0.15,0.0082
350,350,0.088783,0.12644,-0.011772,0.087979,0.040032,-0.0038806,1,0.12364,0.87636,0.34211,1.6534,0.00057861,0.038671,0.013776,0.0024567,0.0012467,15.734,9.7031,1.3939e+07,1.394e+07,0,0.18181,16.111,0.81819,1,0.0084,0,0.15,0.0084
350,350,0.090926,0.12614,-0.012026,0.090099,0.039724,-0.0039439,1,0.12322,0.87678,0.34211,1.6479,0.00057861,0.038673,0.013779,0.0024567,0.0012425,15.734,9.706,1.3939e+07,1.394e+07,0,0.18181,16.043,0.81819,1,0.0086,0,0.15,0.0086
350,350,0.093068,0.12583,-0.01228,0.092218,0.039416,-0.0040072,1,0.1228,0.8772,0.3421,1.6423,0.00057861,0.038675,0.013783,0.0024567,0.0012383,15.735,9.7088,1.3939e+07,1.394e+07,0,0.18181,15.975,0.81819,1,0.0088,0,0.15,0.0088
350,350,0.095211,0.12553,-0.012535,0.094338,0.039108,-0.0040705,1,0.12239,0.87761,0.3421,1.6368,0.00057861,0.038678,0.013786,0.0024566,0.0012341,15.736,9.7116,1.3939e+07,1.394e+07,0,0.18181,15.907,0.81819,1,0.009,0,0.15,0.009
350,350,0.097354,0.12522,-0.012789,0.096457,0.038801,-0.0041338,1,0.12197,0.87803,0.3421,1.6313,0.00057861,0.03868,0.013789,0.0024566,0.00123,15.737,9.7144,1.3939e+07,1.394e+07,0,0.18181,15.84,0.81819,1,0.0092,0,0.15,0.0092
350,350,0.099497,0.12492,-0.013043,0.098577,0.038493,-0.0041971,1,0.12155,0.87845,0.34209,1.6257,0.00057861,0.038683,0.013792,0.0024566,0.0012258,15.738,9.7172,1.3939e+07,1.394e+07,0,0.18181,15.772,0.81819,1,0.0094,0,0.15,0.0094
350,350,0.10164,0.12461,-0.013298,0.1007,0.038185,-0.0042604,1,0.12113,0.87887,0.34209,1.6202,0.00057861,0.038685,0.013795,0.0024566,0.0012216,15.739,9.72,1.3939e+07,1.394e+07,0,0.18181,15.704,0.81819,1,0.0096,0,0.15,0.0096
350,350,0.10378,0.12431,-0.013552,0.10282,0.037877,-0.0043237,1,0.12071,0.87929,0.34209,1.6147,0.00057861,0.038687,0.013799,0.0024565,0.0012174,15.74,9.7228,1.3939e+07,1.394e+07,0,0.18181,15.637,0.81819,1,0.0098,0,0.15,0.0098
350,350,0.10593,0.124,-0.013806,0.10494,0.03757,-0.004387,1,0.1203,0.8797,0.34209,1.6091,0.00057861,0.03869,0.013802,0.0024565,0.0012133,15.741,9.7256,1.3939e+07,1.394e+07,0,0.18181,15.569,0.81819,1,0.01,0,0.15,0.01
350,350,0.10801,0.12339,-0.014054,0.107,0.036949,-0.0044471,1,0.11956,0.88044,0.34206,1.6042,0.00057861,0.038685,0.013804,0.0024563,0.0012096,15.74,9.728,1.3939e+07,1.394e+07,0,0.18181,15.467,0.81819,1,0.0102,0,0.15,0.0102
350,350,0.11007,0.12263,-0.014298,0.10904,0.036177,-0.0045055,1,0.11867,0.88133,0.34202,1.5997,0.00057861,0.038676,0.013806,0.0024561,0.0012062,15.737,9.7302,1.3939e+07,1.394e+07,0,0.18181,15.349,0.81819,1,0.0104,0,0.15,0.0104
350,350,0.11213,0.12186,-0.014542,0.11107,0.035404,-0.0045639,1,0.11778,0.88222,0.34199,1.5951,0.00057861,0.038667,0.013808,0.0024558,0.0012027,15.735,9.7324,1.3939e+07,1.394e+07,0,0.18181,15.23,0.81819,1,0.0106,0,0.15,0.0106
350,350,0.11419,0.1211,-0.014786,0.11311,0.034632,-0.0046223,1,0.11689,0.88311,0.34195,1.5906,0.00057861,0.038658,0.013811,0.0024556,0.0011993,15.733,9.7346,1.3939e+07,1.394e+07,0,0.18181,15.111,0.81819,1,0.0108,0,0.15,0.0108
350,350,0.11625,0.12033,-0.01503,0.11514,0.033859,-0.0046808,1,0.11599,0.88401,0.34192,1.586,0.00057861,0.038649,0.013813,0.0024553,0.0011959,15.731,9.7368,1.3939e+07,1.394e+07,0,0.18181,14.993,0.81819,1,0.011,0,0.15,0.011
350,350,0.11831,0.11957,-0.015274,0.11718,0.033087,-0.0047392,1,0.1151,0.8849,0.34188,1.5815,0.00057861,0.03864,0.013815,0.0024551,0.0011924,15.729,9.739,1.3939e+07,1.394e+07,0,0.18181,14.874,0.81819,1,0.0112,0,0.15,0.0112
350,350,0.12037,0.1188,-0.015518,0.11922,0.032314,-0.0047976,1,0.11421,0.88579,0.34185,1.5769,0.00057861,0.038631,0.013817,0.0024548,0.001189,15.727,9.7412,1.3939e+07,1.394e+07,0,0.18181,14.756,0.81819,1,0.0114,0,0.15,0.0114
350,350,0.12243,0.11804,-0.015762,0.12125,0.031542,-0.004856,1,0.11332,0.88668,0.34181,1.5724,0.00057861,0.038622,0.013819,0.0024545,0.0011856,15.725,9.7434,1.3939e+07,1.394e+07,0,0.18181,14.637,0.81819,1,0.0116,0,0.15,0.0116
350,350,0.12449,0.11727,-0.016006,0.12329,0.030769,-0.0049145,1,0.11243,0.88757,0.34177,1.5678,0.00057861,0.038613,0.013821,0.0024543,0.0011822,15.723,9.7456,1.3939e+07,1.394e+07,0,0.18181,14.519,0.81819,1,0.0118,0,0.15,0.0118
350,350,0.12655,0.11651,-0.01625,0.12532,0.029997,-0.0049729,1,0.11154,0.88846,0.34174,1.5633,0.00057861,0.038604,0.013823,0.002454,0.0011787,15.721,9.7478,1.3939e+07,1.394e+07,0,0.18181,14.4,0.81819,1,0.012,0,0.15,0.012
350,350,0.12861,0.11575,-0.016494,0.12736,0.029224,-0.0050313,1,0.11065,0.88935,0.3417,1.5587,0.00057861,0.038595,0.013825,0.0024538,0.0011753,15.719,9.75,1.3939e+07,1.394e+07,0,0.18181,14.282,0.81819,1,0.0122,0,0.15,0.0122
350,350,0.13067,0.11498,-0.016738,0.1294,0.028452,-0.0050898,1,0.10975,0.89025,0.34167,1.5542,0.00057861,0.038586,0.013827,0.0024535,0.0011719,15.717,9.7521,1.3939e+07,1.394e+07,0,0.18181,14.163,0.81819,1,0.0124,0,0.15,0.0124
350,350,0.13273,0.11422,-0.016982,0.13143,0.027679,-0.0051482,1,0.10886,0.89114,0.34163,1.5496,0.00057861,0.038577,0.01383,0.0024532,0.0011684,15.715,9.7543,1.3939e+07,1.394e+07,0,0.18181,14.045,0.81819,1,0.0126,0,0.15,0.0126
350,350,0.13479,0.11345,-0.017226,0.13347,0.026907,-0.0052066,1,0.10797,0.89203,0.34159,1.5451,0.00057861,0.038568,0.013832,0.002453,0.001165,15.713,9.7565,1.3939e+07,1.394e+07,0,0.18181,13.926,0.81819,1,0.0128,0,0.15,0.0128
350,350,0.13685,0.11269,-0.01747,0.13551,0.026134,-0.005265,1,0.10708,0.89292,0.34156,1.5405,0.00057861,0.038559,0.013834,0.0024527,0.0011616,15.711,9.7587,1.3939e+07,1.394e+07,0,0.18181,13.808,0.81819,1,0.013,0,0.15,0.013
350,350,0.13891,0.11192,-0.017714,0.13754,0.025361,-0.0053235,1,0.10619,0.89381,0.34152,1.536,0.00057861,0.03855,0.013836,0.0024525,0.0011581,15.709,9.7609,1.3939e+07,1.394e+07,0,0.18181,13.689,0.81819,1,0.0132,0,0.15,0.0132
350,350,0.14097,0.11116,-0.017958,0.13958,0.024589,-0.0053819,1,0.1053,0.8947,0.34149,1.5315,0.00057861,0.038541,0.013838,0.0024522,0.0011547,15.707,9.7631,1.3939e+07,1.394e+07,0,0.18181,13.571,0.81819,1,0.0134,0,0.15,0.0134
350,350,0.14303,0.11039,-0.018202,0.14161,0.023816,-0.0054403,1,0.10441,0.89559,0.34145,1.5269,0.00057861,0.038532,0.01384,0.002452,0.0011513,15.705,9.7653,1.3939e+07,1.394e+07,0,0.18181,13.452,0.81819,1,0.0136,0,0.15,0.0136
350,350,0.14509,0.10963,-0.018446,0.14365,0.023044,-0.0054988,1,0.10351,0.89649,0.34141,1.5224,0.00057861,0.038523,0.013842,0.0024517,0.0011478,15.703,9.7675,1.3939e+07,1.394e+07,0,0.18181,13.334,0.81819,1,0.0138,0,0.15,0.0138
350,350,0.14715,0.10887,-0.01869,0.14569,0.022271,-0.0055572,1,0.10262,0.89738,0.34138,1.5178,0.00057861,0.038514,0.013844,0.0024514,0.0011444,15.701,9.7697,1.3939e+07,1.394e+07,0,0.18181,13.215,0.81819,1,0.014,0,0.15,0.014
350,350,0.14921,0.1081,-0.018934,0.14772,0.021499,-0.0056156,1,0.10173,0.89827,0.34134,1.5133,0.00057861,0.038505,0.013847,0.0024512,0.001141,15.699,9.7719,1.3939e+07,1.394e+07,0,0.18181,13.097,0.81819,1,0.0142,0,0.15,0.0142
350,350,0.15127,0.10734,-0.019178,0.14976,0.020726,-0.005674,1,0.10084,0.89916,0.34131,1.5087,0.00057861,0.038496,0.013849,0.0024509,0.0011376,15.697,9.7741,1.3939e+07,1.394e+07,0,0.18181,12.978,0.81819,1,0.0144,0,0.15,0.0144
350,350,0.15333,0.10657,-0.019422,0.15179,0.019954,-0.0057325,1,0.099948,0.90005,0.34127,1.5042,0.00057861,0.038488,0.013851,0.0024507,0.0011341,15.695,9.7762,1.3939e+07,1.394e+07,0,0.18181,12.859,0.81819,1,0.0146,0,0.15,0.0146
350,350,0.15539,0.10581,-0.019666,0.15383,0.019181,-0.0057909,1,0.099056,0.90094,0.34123,1.4996,0.00057861,0.038479,0.013853,0.0024504,0.0011307,15.693,9.7784,1.3939e+07,1.394e+07,0,0.18181,12.741,0.81819,1,0.0148,0,0.15,0.0148
350,350,0.15745,0.10504,-0.01991,0.15587,0.018409,-0.0058493,1,0.098165,0.90184,0.3412,1.495,0.00057861,0.03847,0.013855,0.0024501,0.0011273,15.691,9.7806,1.3939e+07,1.394e+07,0,0.18181,12.622,0.81819,1,0.015,0,0.15,0.015
350,350,0.15951,0.10428,-0.020154,0.1579,0.017636,-0.0059078,1,0.097273,0.90273,0.34116,1.4905,0.00057861,0.038461,0.013857,0.0024499,0.0011238,15.689,9.7828,1.3939e+07,1.394e+07,0,0.18181,12.504,0.81819,1,0.0152,0,0.15,0.0152
350,350,0.16157,0.10351,-0.020398,0.15994,0.016864,-0.0059662,1,0.096382,0.90362,0.34113,1.4859,0.00057861,0.038452,0.013859,0.0024496,0.0011204,15.687,9.785,1.3939e+07,1.394e+07,0,0.18181,12.385,0.81819,1,0.0154,0,0.15,0.0154
350,350,0.16363,0.10275,-0.020642,0.16198,0.016091,-0.0060246,1,0.09549,0.90451,0.34109,1.4814,0.00057861,0.038443,0.013861,0.0024494,0.001117,15.685,9.7872,1.3939e+07,1.394e+07,0,0.18181,12.267,0.81819,1,0.0156,0,0.15,0.0156
350,350,0.16569,0.10198,-0.020886,0.16401,0.015319,-0.0060831,1,0.094599,0.9054,0.34105,1.4768,0.00057861,0.038434,0.013863,0.0024491,0.0011135,15.683,9.7894,1.3939e+07,1.394e+07,0,0.18181,12.148,0.81819,1,0.0158,0,0.15,0.0158
350,350,0.16775,0.10122,-0.02113,0.16605,0.014546,-0.0061415,1,0.093707,0.90629,0.34102,1.4723,0.00057861,0.038425,0.013866,0.0024489,0.0011101,15.681,9.7916,1.3939e+07,1.394e+07,0,0.18181,12.03,0.81819,1,0.016,0,0.15,0.016
350,350,0.16981,0.10046,-0.021374,0.16808,0.013774,-0.0061999,1,0.092816,0.90718,0.34098,1.4677,0.00057861,0.038416,0.013868,0.0024486,0.0011067,15.679,9.7938,1.3939e+07,1.394e+07,0,0.18181,11.911,0.81819,1,0.0162,0,0.15,0.0162
350,350,0.17187,0.099691,-0.021618,0.17012,0.013001,-0.0062584,1,0.091924,0.90808,0.34095,1.4632,0.00057861,0.038407,0.01387,0.0024483,0.0011032,15.677,9.796,1.3939e+07,1.394e+07,0,0.18181,11.793,0.81819,1,0.0164,0,0.15,0.0164
350,350,0.17393,0.098927,-0.021862,0.17216,0.012229,-0.0063168,1,0.091033,0.90897,0.34091,1.4586,0.00057861,0.038398,0.013872,0.0024481,0.0010998,15.675,9.7982,1.3939e+07,1.394e+07,0,0.18181,11.674,0.81819,1,0.0166,0,0.15,0.0166
350,350,0.17599,0.098163,-0.022106,0.17419,0.011456,-0.0063752,1,0.090141,0.90986,0.34087,1.4541,0.00057861,0.038389,0.013874,0.0024478,0.0010964,15.673,9.8003,1.3939e+07,1.394e+07,0,0.18181,11.556,0.81819,1,0.0168,0,0.15,0.0168
350,350,0.17805,0.097398,-0.02235,0.17623,0.010684,-0.0064336,1,0.08925,0.91075,0.34084,1.4495,0.00057861,0.03838,0.013876,0.0024476,0.001093,15.671,9.8025,1.3939e+07,1.394e+07,0,0.18181,11.437,0.81819,1,0.017,0,0.15,0.017
350,350,0.18011,0.096634,-0.022594,0.17827,0.009911,-0.0064921,1,0.088358,0.91164,0.3408,1.445,0.00057861,0.038371,0.013878,0.0024473,0.0010895,15.669,9.8047,1.3939e+07,1.394e+07,0,0.18181,11.319,0.81819,1,0.0172,0,0.15,0.0172
350,350,0.18217,0.095869,-0.022838,0.1803,0.0091385,-0.0065505,1,0.087467,0.91253,0.34077,1.4404,0.00057861,0.038362,0.01388,0.0024471,0.0010861,15.667,9.8069,1.3939e+07,1.394e+07,0,0.18181,11.2,0.81819,1,0.0174,0,0.15,0.0174
350,350,0.18423,0.095105,-0.023082,0.18234,0.0083659,-0.0066089,1,0.086575,0.91342,0.34073,1.4359,0.00057861,0.038353,0.013882,0.0024468,0.0010827,15.665,9.8091,1.3939e+07,1.394e+07,0,0.18181,11.082,0.81819,1,0.0176,0,0.15,0.0176
350,350,0.18629,0.09434,-0.023326,0.18437,0.0075934,-0.0066674,1,0.085684,0.91432,0.34069,1.4313,0.00057861,0.038344,0.013885,0.0024465,0.0010792,15.663,9.8113,1.3939e+07,1.394e+07,0,0.18181,10.963,0.81818,1,0.0178,0,0.15,0.0178
350,350,0.18835,0.093576,-0.02357,0.18641,0.0068209,-0.0067258,1,0.084792,0.91521,0.34066,1.4268,0.00057861,0.038335,0.013887,0.0024463,0.0010758,15.661,9.8135,1.3939e+07,1.394e+07,0,0.18181,10.844,0.81818,1,0.018,0,0.15,0.018
350,350,0.19041,0.092811,-0.023814,0.18845,0.0060484,-0.0067842,1,0.083901,0.9161,0.34062,1.4222,0.00057861,0.038326,0.013889,0.002446,0.0010724,15.659,9.8157,1.3939e+07,1.394e+07,0,0.18182,10.726,0.81818,1,0.0182,0,0.15,0.0182
350,350,0.19247,0.092047,-0.024059,0.19048,0.0052758,-0.0068427,1,0.083009,0.91699,0.34059,1.4177,0.0005786,0.038317,0.013891,0.0024458,0.0010689,15.657,9.8179,1.3939e+07,1.394e+07,0,0.18182,10.607,0.81818,1,0.0184,0,0.15,0.0184
350,350,0.19453,0.091282,-0.024303,0.19252,0.0045033,-0.0069011,1,0.082118,0.91788,0.34055,1.4131,0.0005786,0.038308,0.013893,0.0024455,0.0010655,15.655,9.8201,1.3939e+07,1.394e+07,0,0.18182,10.489,0.81818,1,0.0186,0,0.15,0.0186
350,350,0.1966,0.090518,-0.024547,0.19455,0.0037308,-0.0069595,1,0.081226,0.91877,0.34052,1.4086,0.0005786,0.038299,0.013895,0.0024452,0.0010621,15.653,9.8223,1.3939e+07,1.394e+07,0,0.18182,10.37,0.81818,1,0.0188,0,0.15,0.0188
350,350,0.19866,0.089753,-0.024791,0.19659,0.0029582,-0.007018,1,0.080335,0.91967,0.34048,1.404,0.0005786,0.03829,0.013897,0.002445,0.0010586,15.651,9.8244,1.3939e+07,1.394e+07,0,0.18182,10.252,0.81818,1,0.019,0,0.15,0.019
350,350,0.20072,0.088989,-0.025035,0.19863,0.0021857,-0.0070764,1,0.079443,0.92056,0.34044,1.3995,0.0005786,0.038282,0.013899,0.0024447,0.0010552,15.649,9.8266,1.3939e+07,1.394e+07,0,0.18182,10.133,0.81818,1,0.0192,0,0.15,0.0192
350,350,0.20278,0.088224,-0.025279,0.20066,0.0014132,-0.0071348,1,0.078551,0.92145,0.34041,1.3949,0.0005786,0.038273,0.013901,0.0024445,0.0010518,15.647,9.8288,1.3939e+07,1.394e+07,0,0.18182,10.015,0.81818,1,0.0194,0,0.15,0.0194
350,350,0.20484,0.08746,-0.025523,0.2027,0.00064065,-0.0071933,1,0.07766,0.92234,0.34037,1.3904,0.0005786,0.038264,0.013904,0.0024442,0.0010483,15.645,9.831,1.3939e+07,1.394e+07,0,0.18182,9.8962,0.81818,1,0.0196,0,0.15,0.0196
350,350,0.2069,0.086695,-0.025767,0.20474,-0.00013188,-0.0072517,1,0.076768,0.92323,0.34034,1.3858,0.0005786,0.038255,0.013906,0.002444,0.0010449,15.643,9.8332,1.3939e+07,1.394e+07,0,0.18182,9.7777,0.81818,1,0.0198,0,0.15,0.0198
350,350,0.20896,0.085931,-0.026011,0.20677,-0.00090441,-0.0073101,1,0.075877,0.92412,0.3403,1.3813,0.0005786,0.038246,0.013908,0.0024437,0.0010415,15.64,9.8354,1.3939e+07,1.394e+07,0,0.18182,9.6592,0.81818,1,0.02,0,0.15,0.02
350,350,0.21097,0.085175,-0.026246,0.20877,-0.0016651,-0.0073663,1,0.075057,0.92494,0.34022,1.3801,0.0005786,0.038227,0.013908,0.0024431,0.0010406,15.636,9.8363,1.3939e+07,1.394e+07,0,0.18182,9.5517,0.81818,1,0.0202,0,0.15,0.0202
350,350,0.2129,0.084437,-0.026463,0.21068,-0.0024028,-0.0074181,1,0.074376,0.92562,0.34006,1.3854,0.0005786,0.038189,0.013905,0.002442,0.0010446,15.628,9.8347,1.3939e+07,1.394e+07,0,0.18182,9.4656,0.81818,1,0.0204,0,0.15,0.0204
350,350,0.21484,0.0837,-0.026681,0.21259,-0.0031405,-0.0074699,1,0.073696,0.9263,0.3399,1.3907,0.0005786,0.038151,0.013902,0.0024408,0.0010486,15.62,9.8331,1.3939e+07,1.394e+07,0,0.18182,9.3796,0.81818,1,0.0206,0,0.15,0.0206
350,350,0.21677,0.082962,-0.026898,0.2145,-0.0038782,-0.0075217,1,0.073015,0.92698,0.33974,1.3961,0.0005786,0.038113,0.013899,0.0024397,0.0010526,15.612,9.8314,1.3939e+07,1.394e+07,0,0.18182,9.2936,0.81818,1,0.0208,0,0.15,0.0208
350,350,0.2187,0.082224,-0.027116,0.21641,-0.0046159,-0.0075735,1,0.072334,0.92767,0.33958,1.4014,0.0005786,0.038075,0.013895,0.0024385,0.0010566,15.604,9.8298,1.3939e+07,1.394e+07,0,0.18182,9.2075,0.81818,1,0.021,0,0.15,0.021
350,350,0.22063,0.081486,-0.027333,0.21832,-0.0053536,-0.0076253,1,0.071654,0.92835,0.33942,1.4067,0.0005786,0.038037,0.013892,0.0024374,0.0010606,15.596,9.8282,1.3939e+07,1.394e+07,0,0.18182,9.1215,0.81818,1,0.0212,0,0.15,0.0212
350,350,0.22256,0.080748,-0.027551,0.22023,-0.0060913,-0.0076771,1,0.070973,0.92903,0.33926,1.412,0.0005786,0.037999,0.013889,0.0024362,0.0010646,15.587,9.8266,1.3939e+07,1.394e+07,0,0.18182,9.0354,0.81818,1,0.0214,0,0.15,0.0214
350,350,0.2245,0.08001,-0.027769,0.22214,-0.006829,-0.0077289,1,0.070293,0.92971,0.3391,1.4173,0.0005786,0.037962,0.013886,0.002435,0.0010687,15.579,9.825,1.3939e+07,1.394e+07,0,0.18182,8.9494,0.81818,1,0.0216,0,0.15,0.0216
350,350,0.22643,0.079272,-0.027986,0.22405,-0.0075667,-0.0077807,1,0.069612,0.93039,0.33893,1.4227,0.0005786,0.037924,0.013883,0.0024339,0.0010727,15.571,9.8233,1.3939e+07,1.394e+07,0,0.18182,8.8633,0.81818,1,0.0218,0,0.15,0.0218
350,350,0.22836,0.078534,-0.028204,0.22596,-0.0083044,-0.0078325,1,0.068931,0.93107,0.33877,1.428,0.0005786,0.037886,0.013879,0.0024327,0.0010767,15.563,9.8217,1.3939e+07,1.394e+07,0,0.18182,8.7773,0.81818,1,0.022,0,0.15,0.022
350,350,0.23029,0.077796,-0.028421,0.22787,-0.0090421,-0.0078843,1,0.068251,0.93175,0.33861,1.4333,0.0005786,0.037848,0.013876,0.0024316,0.0010807,15.555,9.8201,1.3939e+07,1.394e+07,0,0.18182,8.6913,0.81818,1,0.0222,0,0.15,0.0222
350,350,0.23222,0.077058,-0.028639,0.22978,-0.0097799,-0.0079361,1,0.06757,0.93243,0.33845,1.4386,0.0005786,0.03781,0.013873,0.0024304,0.0010847,15.546,9.8185,1.3939e+07,1.394e+07,0,0.18182,8.6052,0.81818,1,0.0224,0,0.15,0.0224
350,350,0.23415,0.076321,-0.028856,0.23169,-0.010518,-0.0079879,1,0.066889,0.93311,0.33829,1.4439,0.0005786,0.037772,0.01387,0.0024293,0.0010887,15.538,9.8169,1.3939e+07,1.394e+07,0,0.18182,8.5192,0.81818,1,0.0226,0,0.15,0.0226
350,350,0.23609,0.075583,-0.029074,0.2336,-0.011255,-0.0080397,1,0.066209,0.93379,0.33813,1.4493,0.0005786,0.037734,0.013867,0.0024281,0.0010927,15.53,9.8152,1.3939e+07,1.394e+07,0,0.18182,8.4331,0.81818,1,0.0228,0,0.15,0.0228
350,350,0.23802,0.074845,-0.029291,0.23552,-0.011993,-0.0080915,1,0.065528,0.93447,0.33797,1.4546,0.0005786,0.037696,0.013863,0.002427,0.0010967,15.522,9.8136,1.3939e+07,1.394e+07,0,0.18182,8.3471,0.81818,1,0.023,0,0.15,0.023
350,350,0.23995,0.074107,-0.029509,0.23743,-0.012731,-0.0081433,1,0.064848,0.93515,0.33781,1.4599,0.0005786,0.037658,0.01386,0.0024258,0.0011007,15.514,9.812,1.3939e+07,1.394e+07,0,0.18182,8.261,0.81818,1,0.0232,0,0.15,0.0232
350,350,0.24188,0.073369,-0.029726,0.23934,-0.013468,-0.0081951,1,0.064167,0.93583,0.33765,1.4652,0.0005786,0.03762,0.013857,0.0024247,0.0011048,15.506,9.8104,1.3939e+07,1.394e+07,0,0.18182,8.175,0.81818,1,0.0234,0,0.15,0.0234
350,350,0.24381,0.072631,-0.029944,0.24125,-0.014206,-0.0082469,1,0.063486,0.93651,0.33749,1.4705,0.0005786,0.037583,0.013854,0.0024235,0.0011088,15.497,9.8088,1.3939e+07,1.394e+07,0,0.18182,8.0889,0.81818,1,0.0236,0,0.15,0.0236
350,350,0.24575,0.071893,-0.030162,0.24316,-0.014944,-0.0082987,1,0.062806,0.93719,0.33733,1.4758,0.0005786,0.037545,0.013851,0.0024223,0.0011128,15.489,9.8071,1.3939e+07,1.394e+07,0,0.18182,8.0029,0.81818,1,0.0238,0,0.15,0.0238
350,350,0.24768,0.071155,-0.030379,0.24507,-0.015682,-0.0083506,1,0.062125,0.93787,0.33717,1.4812,0.0005786,0.037507,0.013848,0.0024212,0.0011168,15.481,9.8055,1.3939e+07,1.394e+07,0,0.18182,7.9169,0.81818,1,0.024,0,0.15,0.024
350,350,0.24961,0.070417,-0.030597,0.24698,-0.016419,-0.0084024,1,0.061444,0.93856,0.33701,1.4865,0.0005786,0.037469,0.013844,0.00242,0.0011208,15.473,9.8039,1.3939e+07,1.394e+07,0,0.18182,7.8308,0.81818,1,0.0242,0,0.15,0.0242
350,350,0.25154,0.069679,-0.030814,0.24889,-0.017157,-0.0084542,1,0.060764,0.93924,0.33684,1.4918,0.0005786,0.037431,0.013841,0.0024189,0.0011248,15.465,9.8023,1.3939e+07,1.394e+07,0,0.18182,7.7448,0.81818,1,0.0244,0,0.15,0.0244
350,350,0.25347,0.068941,-0.031032,0.2508,-0.017895,-0.008506,1,0.060083,0.93992,0.33668,1.4971,0.0005786,0.037393,0.013838,0.0024177,0.0011288,15.456,9.8006,1.3939e+07,1.394e+07,0,0.18182,7.6587,0.81818,1,0.0246,0,0.15,0.0246
350,350,0.25541,0.068204,-0.031249,0.25271,-0.018632,-0.0085578,1,0.059402,0.9406,0.33652,1.5024,0.0005786,0.037355,0.013835,0.0024166,0.0011328,15.448,9.799,1.3939e+07,1.394e+07,0,0.18182,7.5727,0.81818,1,0.0248,0,0.15,0.0248
350,350,0.25734,0.067466,-0.031467,0.25462,-0.01937,-0.0086096,1,0.058722,0.94128,0.33636,1.5078,0.0005786,0.037317,0.013832,0.0024154,0.0011368,15.44,9.7974,1.3939e+07,1.394e+07,0,0.18182,7.4866,0.81818,1,0.025,0,0.15,0.025
350,350,0.25927,0.066728,-0.031684,0.25653,-0.020108,-0.0086614,1,0.058041,0.94196,0.3362,1.5131,0.0005786,0.037279,0.013828,0.0024143,0.0011409,15.432,9.7958,1.3939e+07,1.394e+07,0,0.18182,7.4006,0.81818,1,0.0252,0,0.15,0.0252
350,350,0.2612,0.06599,-0.031902,0.25844,-0.020846,-0.0087132,1,0.057361,0.94264,0.33604,1.5184,0.0005786,0.037241,0.013825,0.0024131,0.0011449,15.424,9.7942,1.3939e+07,1.394e+07,0,0.18182,7.3145,0.81818,1,0.0254,0,0.15,0.0254
350,350,0.26313,0.065252,-0.032119,0.26036,-0.021583,-0.008765,1,0.05668,0.94332,0.33588,1.5237,0.0005786,0.037204,0.013822,0.002412,0.0011489,15.416,9.7925,1.3939e+07,1.394e+07,0,0.18182,7.2285,0.81818,1,0.0256,0,0.15,0.0256
350,350,0.26507,0.064514,-0.032337,0.26227,-0.022321,-0.0088168,1,0.055999,0.944,0.33572,1.529,0.0005786,0.037166,0.013819,0.0024108,0.0011529,15.407,9.7909,1.3939e+07,1.394e+07,0,0.18182,7.1425,0.81818,1,0.0258,0,0.15,0.0258
350,350,0.267,0.063776,-0.032555,0.26418,-0.023059,-0.0088686,1,0.055319,0.94468,0.33556,1.5344,0.0005786,0.037128,0.013816,0.0024096,0.0011569,15.399,9.7893,1.3939e+07,1.394e+07,0,0.18182,7.0564,0.81818,1,0.026,0,0.15,0.026
350,350,0.26893,0.063038,-0.032772,0.26609,-0.023796,-0.0089204,1,0.054638,0.94536,0.3354,1.5397,0.0005786,0.03709,0.013812,0.0024085,0.0011609,15.391,9.7877,1.3939e+07,1.394e+07,0,0.18182,6.9704,0.81818,1,0.0262,0,0.15,0.0262
350,350,0.27086,0.0623,-0.03299,0.268,-0.024534,-0.0089722,1,0.053957,0.94604,0.33524,1.545,0.0005786,0.037052,0.013809,0.0024073,0.0011649,15.383,9.7861,1.3939e+07,1.394e+07,0,0.18182,6.8843,0.81818,1,0.0264,0,0.15,0.0264
350,350,0.27279,0.061562,-0.033207,0.26991,-0.025272,-0.009024,1,0.053277,0.94672,0.33508,1.5503,0.0005786,0.037014,0.013806,0.0024062,0.0011689,15.375,9.7844,1.3939e+07,1.394e+07,0,0.18182,6.7983,0.81818,1,0.0266,0,0.15,0.0266
350,350,0.27473,0.060824,-0.033425,0.27182,-0.02601,-0.0090758,1,0.052596,0.9474,0.33492,1.5556,0.0005786,0.036976,0.013803,0.002405,0.0011729,15.367,9.7828,1.3939e+07,1.394e+07,0,0.18182,6.7122,0.81818,1,0.0268,0,0.15,0.0268
350,350,0.27666,0.060086,-0.033642,0.27373,-0.026747,-0.0091277,1,0.051915,0.94808,0.33475,1.561,0.0005786,0.036938,0.0138,0.0024039,0.001177,15.358,9.7812,1.3939e+07,1.394e+07,0,0.18182,6.6262,0.81818,1,0.027,0,0.15,0.027
350,350,0.27859,0.059349,-0.03386,0.27564,-0.027485,-0.0091795,1,0.051235,0.94877,0.33459,1.5663,0.0005786,0.0369,0.013796,0.0024027,0.001181,15.35,9.7796,1.3939e+07,1.394e+07,0,0.18182,6.5401,0.81818,1,0.0272,0,0.15,0.0272
350,350,0.28052,0.058611,-0.034077,0.27755,-0.028223,-0.0092313,1,0.050554,0.94945,0.33443,1.5716,0.0005786,0.036862,0.013793,0.0024016,0.001185,15.342,9.778,1.3939e+07,1.394e+07,0,0.18182,6.4541,0.81818,1,0.0274,0,0.15,0.0274
350,350,0.28245,0.057873,-0.034295,0.27946,-0.02896,-0.0092831,1,0.049873,0.95013,0.33427,1.5769,0.0005786,0.036825,0.01379,0.0024004,0.001189,15.334,9.7763,1.3939e+07,1.394e+07,0,0.18182,6.3681,0.81818,1,0.0276,0,0.15,0.0276
350,350,0.28438,0.057135,-0.034513,0.28137,-0.029698,-0.0093349,1,0.049193,0.95081,0.33411,1.5822,0.0005786,0.036787,0.013787,0.0023993,0.001193,15.326,9.7747,1.3939e+07,1.394e+07,0,0.18182,6.282,0.81818,1,0.0278,0,0.15,0.0278
350,350,0.28632,0.056397,-0.03473,0.28328,-0.030436,-0.0093867,1,0.048512,0.95149,0.33395,1.5876,0.0005786,0.036749,0.013784,0.0023981,0.001197,15.317,9.7731,1.3939e+07,1.394e+07,0,0.18182,6.196,0.81818,1,0.028,0,0.15,0.028
350,350,0.28825,0.055659,-0.034948,0.2852,-0.031174,-0.0094385,1,0.047831,0.95217,0.33379,1.5929,0.0005786,0.036711,0.013781,0.0023969,0.001201,15.309,9.7715,1.3939e+07,1.394e+07,0,0.18182,6.1099,0.81818,1,0.0282,0,0.15,0.0282
350,350,0.29018,0.054921,-0.035165,0.28711,-0.031911,-0.0094903,1,0.047151,0.95285,0.33363,1.5982,0.0005786,0.036673,0.013777,0.0023958,0.001205,15.301,9.7699,1.3939e+07,1.394e+07,0,0.18182,6.0239,0.81818,1,0.0284,0,0.15,0.0284
350,350,0.29211,0.054183,-0.035383,0.28902,-0.032649,-0.0095421,1,0.04647,0.95353,0.33347,1.6035,0.0005786,0.036635,0.013774,0.0023946,0.001209,15.293,9.7682,1.3939e+07,1.394e+07,0,0.18182,5.9378,0.81818,1,0.0286,0,0.15,0.0286
350,350,0.29404,0.053445,-0.0356,0.29093,-0.033387,-0.009594,1,0.045789,0.95421,0.33331,1.6088,0.0005786,0.036597,0.013771,0.0023935,0.0012131,15.285,9.7666,1.3939e+07,1.394e+07,0,0.18182,5.8518,0.81818,1,0.0288,0,0.15,0.0288
350,350,0.29598,0.052707,-0.035818,0.29284,-0.034125,-0.0096458,1,0.045109,0.95489,0.33315,1.6142,0.0005786,0.036559,0.013768,0.0023923,0.0012171,15.277,9.765,1.3939e+07,1.394e+07,0,0.18182,5.7657,0.81818,1,0.029,0,0.15,0.029
350,350,0.29791,0.051969,-0.036035,0.29475,-0.034862,-0.0096976,1,0.044428,0.95557,0.33299,1.6195,0.0005786,0.036521,0.013765,0.0023912,0.0012211,15.268,9.7634,1.3939e+07,1.394e+07,0,0.18182,5.6797,0.81818,1,0.0292,0,0.15,0.0292
350,350,0.29984,0.051231,-0.036253,0.29666,-0.0356,-0.0097494,1,0.043747,0.95625,0.33282,1.6248,0.0005786,0.036484,0.013761,0.00239,0.0012251,15.26,9.7618,1.3939e+07,1.394e+07,0,0.18182,5.5936,0.81818,1,0.0294,0,0.15,0.0294
350,350,0.30177,0.050493,-0.036471,0.29857,-0.036338,-0.0098012,1,0.043067,0.95693,0.33266,1.6301,0.0005786,0.036446,0.013758,0.0023889,0.0012291,15.252,9.7601,1.3939e+07,1.394e+07,0,0.18182,5.5076,0.81818,1,0.0296,0,0.15,0.0296
350,350,0.3037,0.049756,-0.036688,0.30048,-0.037075,-0.009853,1,0.042386,0.95761,0.3325,1.6354,0.0005786,0.036408,0.013755,0.0023877,0.0012331,15.244,9.7585,1.3939e+07,1.394e+07,0,0.18182,5.4215,0.81818,1,0.0298,0,0.15,0.0298
350,350,0.30564,0.049018,-0.036906,0.30239,-0.037813,-0.0099048,1,0.041705,0.95829,0.33234,1.6408,0.0005786,0.03637,0.013752,0.0023865,0.0012371,15.236,9.7569,1.3939e+07,1.394e+07,0,0.18182,5.3355,0.81818,1,0.03,0,0.15,0.03
350,350,0.30757,0.04828,-0.037123,0.3043,-0.038551,-0.0099566,1,0.041025,0.95898,0.33218,1.6461,0.0005786,0.036332,0.013749,0.0023854,0.0012411,15.228,9.7553,1.3939e+07,1.394e+07,0,0.18182,5.2494,0.81818,1,0.0302,0,0.15,0.0302
350,350,0.30936,0.047848,-0.037305,0.30608,-0.038972,-0.0099975,1,0.040695,0.9593,0.3318,1.6502,0.0005786,0.036269,0.013747,0.0023826,0.0012442,15.218,9.7562,1.3939e+07,1.394e+07,0,0.18182,5.2088,0.81818,1,0.0304,0,0.15,0.0304
350,350,0.31115,0.047418,-0.037487,0.30786,-0.039392,-0.010038,1,0.040367,0.95963,0.33141,1.6543,0.0005786,0.036207,0.013746,0.0023799,0.0012473,15.209,9.7571,1.3939e+07,1.394e+07,0,0.18182,5.1683,0.81818,1,0.0306,0,0.15,0.0306
350,350,0.31294,0.046987,-0.037668,0.30963,-0.039812,-0.010079,1,0.040038,0.95996,0.33103,1.6583,0.0005786,0.036144,0.013745,0.0023771,0.0012504,15.2,9.758,1.3939e+07,1.394e+07,0,0.18182,5.1278,0.81818,1,0.0308,0,0.15,0.0308
350,350,0.31473,0.046556,-0.03785,0.31141,-0.040232,-0.01012,1,0.039709,0.96029,0.33065,1.6624,0.0005786,0.036082,0.013744,0.0023744,0.0012535,15.191,9.7589,1.3939e+07,1.394e+07,0,0.18182,5.0873,0.81818,1,0.031,0,0.15,0.031
350,350,0.31652,0.046126,-0.038032,0.31319,-0.040652,-0.010161,1,0.03938,0.96062,0.33026,1.6665,0.0005786,0.03602,0.013742,0.0023716,0.0012565,15.182,9.7598,1.3939e+07,1.394e+07,0,0.18182,5.0468,0.81818,1,0.0312,0,0.15,0.0312
350,350,0.31831,0.045695,-0.038213,0.31497,-0.041072,-0.010202,1,0.039051,0.96095,0.32988,1.6706,0.0005786,0.035957,0.013741,0.0023689,0.0012596,15.173,9.7608,1.3939e+07,1.394e+07,0,0.18182,5.0063,0.81818,1,0.0314,0,0.15,0.0314
350,350,0.3201,0.045264,-0.038395,0.31674,-0.041492,-0.010243,1,0.038723,0.96128,0.32949,1.6747,0.0005786,0.035895,0.01374,0.0023661,0.0012627,15.163,9.7617,1.3939e+07,1.394e+07,0,0.18182,4.9657,0.81818,1,0.0316,0,0.15,0.0316
350,350,0.32188,0.044834,-0.038577,0.31852,-0.041912,-0.010283,1,0.038394,0.96161,0.32911,1.6788,0.0005786,0.035832,0.013738,0.0023633,0.0012658,15.154,9.7626,1.3939e+07,1.394e+07,0,0.18182,4.9252,0.81818,1,0.0318,0,0.15,0.0318
350,350,0.32367,0.044403,-0.038758,0.3203,-0.042332,-0.010324,1,0.038065,0.96194,0.32873,1.6829,0.0005786,0.03577,0.013737,0.0023606,0.0012689,15.145,9.7635,1.3939e+07,1.394e+07,0,0.18182,4.8847,0.81818,1,0.032,0,0.15,0.032
350,350,0.32546,0.043972,-0.03894,0.32207,-0.042752,-0.010365,1,0.037736,0.96226,0.32834,1.6869,0.0005786,0.035707,0.013736,0.0023578,0.0012719,15.136,9.7644,1.3939e+07,1.394e+07,0,0.18182,4.8442,0.81818,1,0.0322,0,0.15,0.0322
350,350,0.32725,0.043542,-0.039122,0.32385,-0.043172,-0.010406,1,0.037407,0.96259,0.32796,1.691,0.0005786,0.035645,0.013735,0.0023551,0.001275,15.127,9.7653,1.3939e+07,1.394e+07,0,0.18182,4.8037,0.81818,1,0.0324,0,0.15,0.0324
350,350,0.32904,0.043111,-0.039303,0.32563,-0.043592,-0.010447,1,0.037078,0.96292,0.32757,1.6951,0.0005786,0.035582,0.013733,0.0023523,0.0012781,15.118,9.7662,1.3939e+07,1.394e+07,0,0.18182,4.7631,0.81818,1,0.0326,0,0.15,0.0326
350,350,0.33083,0.04268,-0.039485,0.3274,-0.044012,-0.010488,1,0.03675,0.96325,0.32719,1.6992,0.0005786,0.03552,0.013732,0.0023495,0.0012812,15.108,9.7672,1.3939e+07,1.394e+07,0,0.18182,4.7226,0.81818,1,0.0328,0,0.15,0.0328
350,350,0.33262,0.042249,-0.039667,0.32918,-0.044432,-0.010528,1,0.036421,0.96358,0.32681,1.7033,0.0005786,0.035457,0.013731,0.0023468,0.0012843,15.099,9.7681,1.3939e+07,1.394e+07,0,0.18182,4.6821,0.81818,1,0.033,0,0.15,0.033
350,350,0.33441,0.041819,-0.039848,0.33096,-0.044852,-0.010569,1,0.036092,0.96391,0.32642,1.7074,0.0005786,0.035395,0.01373,0.002344,0.0012873,15.09,9.769,1.3939e+07,1.394e+07,0,0.18182,4.6416,0.81818,1,0.0332,0,0.15,0.0332
350,350,0.3362,0.041388,-0.04003,0.33274,-0.045272,-0.01061,1,0.035763,0.96424,0.32604,1.7115,0.0005786,0.035332,0.013728,0.0023413,0.0012904,15.081,9.7699,1.3939e+07,1.394e+07,0,0.18182,4.6011,0.81818,1,0.0334,0,0.15,0.0334
350,350,0.33799,0.040957,-0.040212,0.33451,-0.045693,-0.010651,1,0.035434,0.96457,0.32565,1.7155,0.0005786,0.03527,0.013727,0.0023385,0.0012935,15.072,9.7708,1.3939e+07,1.394e+07,0,0.18182,4.5606,0.81818,1,0.0336,0,0.15,0.0336
350,350,0.33978,0.040527,-0.040393,0.33629,-0.046113,-0.010692,1,0.035106,0.96489,0.32527,1.7196,0.0005786,0.035207,0.013726,0.0023358,0.0012966,15.063,9.7717,1.3939e+07,1.394e+07,0,0.18182,4.52,0.81818,1,0.0338,0,0.15,0.0338
350,350,0.34157,0.040096,-0.040575,0.33807,-0.046533,-0.010733,1,0.034777,0.96522,0.32489,1.7237,0.0005786,0.035145,0.013724,0.002333,0.0012997,15.053,9.7726,1.3939e+07,1.394e+07,0,0.18182,4.4795,0.81818,1,0.034,0,0.15,0.034
350,350,0.34336,0.039665,-0.040757,0.33984,-0.046953,-0.010773,1,0.034448,0.96555,0.3245,1.7278,0.0005786,0.035082,0.013723,0.0023302,0.0013028,15.044,9.7736,1.3939e+07,1.394e+07,0,0.18182,4.439,0.81818,1,0.0342,0,0.15,0.0342
350,350,0.34515,0.039235,-0.040938,0.34162,-0.047373,-0.010814,1,0.034119,0.96588,0.32412,1.7319,0.0005786,0.03502,0.013722,0.0023275,0.0013058,15.035,9.7745,1.3939e+07,1.394e+07,0,0.18182,4.3985,0.81818,1,0.0344,0,0.15,0.0344
350,350,0.34694,0.038804,-0.04112,0.3434,-0.047793,-0.010855,1,0.03379,0.96621,0.32373,1.736,0.0005786,0.034957,0.013721,0.0023247,0.0013089,15.026,9.7754,1.3939e+07,1.394e+07,0,0.18182,4.358,0.81818,1,0.0346,0,0.15,0.0346
350,350,0.34873,0.038373,-0.041302,0.34517,-0.048213,-0.010896,1,0.033461,0.96654,0.32335,1.7401,0.0005786,0.034895,0.013719,0.002322,0.001312,15.017,9.7763,1.3939e+07,1.394e+07,0,0.18182,4.3174,0.81818,1,0.0348,0,0.15,0.0348
350,350,0.35052,0.037942,-0.041483,0.34695,-0.048633,-0.010937,1,0.033133,0.96687,0.32297,1.7441,0.0005786,0.034832,0.013718,0.0023192,0.0013151,15.007,9.7772,1.3939e+07,1.394e+07,0,0.18182,4.2769,0.81818,1,0.035,0,0.15,0.035
350,350,0.35231,0.037512,-0.041665,0.34873,-0.049053,-0.010978,1,0.032804,0.9672,0.32258,1.7482,0.0005786,0.03477,0.013717,0.0023165,0.0013182,14.998,9.7781,1.3939e+07,1.394e+07,0,0.18182,4.2364,0.81818,1,0.0352,0,0.15,0.0352
350,350,0.3541,0.037081,-0.041847,0.35051,-0.049473,-0.011018,1,0.032475,0.96752,0.3222,1.7523,0.0005786,0.034707,0.013715,0.0023137,0.0013212,14.989,9.7791,1.3939e+07,1.394e+07,0,0.18182,4.1959,0.81818,1,0.0354,0,0.15,0.0354
350,350,0.35589,0.03665,-0.042028,0.35228,-0.049893,-0.011059,1,0.032146,0.96785,0.32181,1.7564,0.0005786,0.034645,0.013714,0.0023109,0.0013243,14.98,9.78,1.3939e+07,1.394e+07,0,0.18182,4.1554,0.81818,1,0.0356,0,0.15,0.0356
350,350,0.35768,0.03622,-0.04221,0.35406,-0.050313,-0.0111,1,0.031817,0.96818,0.32143,1.7605,0.0005786,0.034582,0.013713,0.0023082,0.0013274,14.971,9.7809,1.3939e+07,1.394e+07,0,0.18182,4.1148,0.81818,1,0.0358,0,0.15,0.0358
350,350,0.35947,0.035789,-0.042392,0.35584,-0.050733,-0.011141,1,0.031489,0.96851,0.32105,1.7646,0.0005786,0.03452,0.013712,0.0023054,0.0013305,14.962,9.7818,1.3939e+07,1.394e+07,0,0.18182,4.0743,0.81818,1,0.036,0,0.15,0.036
350,350,0.36126,0.035358,-0.042573,0.35761,-0.051153,-0.011182,1,0.03116,0.96884,0.32066,1.7687,0.0005786,0.034457,0.01371,0.0023027,0.0013336,14.952,9.7827,1.3939e+07,1.394e+07,0,0.18182,4.0338,0.81818,1,0.0362,0,0.15,0.0362
350,350,0.36305,0.034928,-0.042755,0.35939,-0.051573,-0.011223,1,0.030831,0.96917,0.32028,1.7727,0.0005786,0.034395,0.013709,0.0022999,0.0013366,14.943,9.7836,1.3939e+07,1.3941e+07,0,0.18182,3.9933,0.81818,1,0.0364,0,0.15,0.0364
350,350,0.36484,0.034497,-0.042937,0.36117,-0.051994,-0.011264,1,0.030502,0.9695,0.31989,1.7768,0.0005786,0.034332,0.013708,0.0022972,0.0013397,14.934,9.7845,1.3939e+07,1.3941e+07,0,0.18182,3.9528,0.81818,1,0.0366,0,0.15,0.0366
350,350,0.36662,0.034066,-0.043118,0.36295,-0.052414,-0.011304,1,0.030173,0.96983,0.31951,1.7809,0.0005786,0.03427,0.013707,0.0022944,0.0013428,14.925,9.7855,1.3939e+07,1.3941e+07,0,0.18182,3.9122,0.81818,1,0.0368,0,0.15,0.0368
350,350,0.36841,0.033635,-0.0433,0.36472,-0.052834,-0.011345,1,0.029844,0.97016,0.31913,1.785,0.0005786,0.034207,0.013705,0.0022916,0.0013459,14.916,9.7864,1.3939e+07,1.3941e+07,0,0.18182,3.8717,0.81818,1,0.037,0,0.15,0.037
350,350,0.3702,0.033205,-0.043482,0.3665,-0.053254,-0.011386,1,0.029516,0.97048,0.31874,1.7891,0.0005786,0.034145,0.013704,0.0022889,0.001349,14.907,9.7873,1.3939e+07,1.3941e+07,0,0.18182,3.8312,0.81818,1,0.0372,0,0.15,0.0372
350,350,0.37199,0.032774,-0.043663,0.36828,-0.053674,-0.011427,1,0.029187,0.97081,0.31836,1.7932,0.0005786,0.034082,0.013703,0.0022861,0.001352,14.897,9.7882,1.3939e+07,1.3941e+07,0,0.18182,3.7907,0.81818,1,0.0374,0,0.15,0.0374
350,350,0.37378,0.032343,-0.043845,0.37005,-0.054094,-0.011468,1,0.028858,0.97114,0.31797,1.7973,0.0005786,0.03402,0.013701,0.0022834,0.0013551,14.888,9.7891,1.3939e+07,1.3941e+07,0,0.18182,3.7502,0.81818,1,0.0376,0,0.15,0.0376
350,350,0.37557,0.031913,-0.044027,0.37183,-0.054514,-0.011509,1,0.028529,0.97147,0.31759,1.8013,0.0005786,0.033957,0.0137,0.0022806,0.0013582,14.879,9.79,1.3939e+07,1.3941e+07,0,0.18182,3.7097,0.81818,1,0.0378,0,0.15,0.0378
350,350,0.37736,0.031482,-0.044208,0.37361,-0.054934,-0.01155,1,0.0282,0.9718,0.31721,1.8054,0.0005786,0.033895,0.013699,0.0022779,0.0013613,14.87,9.7909,1.3939e+07,1.3941e+07,0,0.18182,3.6691,0.81818,1,0.038,0,0.15,0.038
350,350,0.37915,0.031051,-0.04439,0.37538,-0.055354,-0.01159,1,0.027871,0.97213,0.31682,1.8095,0.0005786,0.033832,0.013698,0.0022751,0.0013644,14.861,9.7919,1.3939e+07,1.3941e+07,0,0.18182,3.6286,0.81818,1,0.0382,0,0.15,0.0382
350,350,0.38094,0.03062,-0.044572,0.37716,-0.055774,-0.011631,1,0.027543,0.97246,0.31644,1.8136,0.0005786,0.03377,0.013696,0.0022723,0.0013674,14.852,9.7928,1.3939e+07,1.3941e+07,0,0.18182,3.5881,0.81818,1,0.0384,0,0.15,0.0384
350,350,0.38273,0.03019,-0.044753,0.37894,-0.056194,-0.011672,1,0.027214,0.97279,0.31605,1.8177,0.0005786,0.033707,0.013695,0.0022696,0.0013705,14.842,9.7937,1.3939e+07,1.3941e+07,0,0.18182,3.5476,0.81818,1,0.0386,0,0.15,0.0386
350,350,0.38452,0.029759,-0.044935,0.38072,-0.056614,-0.011713,1,0.026885,0.97312,0.31567,1.8218,0.0005786,0.033645,0.013694,0.0022668,0.0013736,14.833,9.7946,1.3939e+07,1.3941e+07,0,0.18182,3.5071,0.81818,1,0.0388,0,0.15,0.0388
350,350,0.38631,0.029328,-0.045117,0.38249,-0.057034,-0.011754,1,0.026556,0.97344,0.31529,1.8259,0.0005786,0.033582,0.013693,0.0022641,0.0013767,14.824,9.7955,1.3939e+07,1.3941e+07,0,0.18182,3.4665,0.81818,1,0.039,0,0.15,0.039
350,350,0.3881,0.028898,-0.045298,0.38427,-0.057455,-0.011795,1,0.026227,0.97377,0.3149,1.83,0.0005786,0.03352,0.013691,0.0022613,0.0013798,14.815,9.7964,1.3939e+07,1.3941e+07,0,0.18182,3.426,0.81818,1,0.0392,0,0.15,0.0392
350,350,0.38989,0.028467,-0.04548,0.38605,-0.057875,-0.011836,1,0.025899,0.9741,0.31452,1.834,0.0005786,0.033457,0.01369,0.0022585,0.0013829,14.806,9.7973,1.3939e+07,1.3941e+07,0,0.18182,3.3855,0.81818,1,0.0394,0,0.15,0.0394
350,350,0.39168,0.028036,-0.045662,0.38782,-0.058295,-0.011876,1,0.02557,0.97443,0.31413,1.8381,0.0005786,0.033395,0.013689,0.0022558,0.0013859,14.797,9.7983,1.3939e+07,1.3941e+07,0,0.18182,3.345,0.81818,1,0.0396,0,0.15,0.0396
350,350,0.39347,0.027605,-0.045843,0.3896,-0.058715,-0.011917,1,0.025241,0.97476,0.31375,1.8422,0.0005786,0.033332,0.013687,0.002253,0.001389,14.787,9.7992,1.3939e+07,1.3941e+07,0,0.18182,3.3045,0.81818,1,0.0398,0,0.15,0.0398
350,350,0.39526,0.027175,-0.046025,0.39138,-0.059135,-0.011958,1,0.024912,0.97509,0.31337,1.8463,0.0005786,0.03327,0.013686,0.0022503,0.0013921,14.778,9.8001,1.3939e+07,1.3941e+07,0,0.18182,3.2639,0.81818,1,0.04,0,0.15,0.04
350,350,0.39705,0.026744,-0.046207,0.39315,-0.059555,-0.011999,1,0.024583,0.97542,0.31298,1.8504,0.0005786,0.033207,0.013685,0.0022475,0.0013952,14.769,9.801,1.3939e+07,1.3941e+07,0,0.18182,3.2234,0.81818,1,0.0402,0,0.15,0.0402
350,350,0.39872,0.026468,-0.04636,0.39482,-0.059822,-0.012031,1,0.024369,0.97563,0.31246,1.8514,0.0005786,0.033138,0.013689,0.0022438,0.0013959,14.763,9.8068,1.3939e+07,1.3941e+07,0,0.18182,3.1965,0.81818,1,0.0404,0,0.15,0.0404
350,350,0.40033,0.026276,-0.046498,0.39643,-0.060005,-0.012059,1,0.024219,0.97578,0.31186,1.8507,0.0005786,0.033066,0.013695,0.0022395,0.0013954,14.759,9.8153,1.3939e+07,1.3941e+07,0,0.18182,3.1772,0.81818,1,0.0406,0,0.15,0.0406
350,350,0.40195,0.026085,-0.046636,0.39804,-0.060187,-0.012086,1,0.024068,0.97593,0.31126,1.8501,0.0005786,0.032993,0.013702,0.0022351,0.0013949,14.755,9.8238,1.3939e+07,1.3941e+07,0,0.18182,3.1579,0.81818,1,0.0408,0,0.15,0.0408
350,350,0.40356,0.025894,-0.046774,0.39964,-0.06037,-0.012114,1,0.023918,0.97608,0.31066,1.8494,0.0005786,0.032921,0.013709,0.0022308,0.0013944,14.75,9.8323,1.3939e+07,1.3941e+07,0,0.18182,3.1386,0.81818,1,0.041,0,0.15,0.041
350,350,0.40517,0.025703,-0.046912,0.40125,-0.060553,-0.012142,1,0.023767,0.97623,0.31006,1.8487,0.0005786,0.032848,0.013715,0.0022265,0.0013939,14.746,9.8408,1.3939e+07,1.3941e+07,0,0.18182,3.1192,0.81818,1,0.0412,0,0.15,0.0412
350,350,0.40678,0.025512,-0.04705,0.40286,-0.060736,-0.012169,1,0.023617,0.97638,0.30946,1.8481,0.0005786,0.032776,0.013722,0.0022222,0.0013934,14.742,9.8494,1.3939e+07,1.3941e+07,0,0.18182,3.0999,0.81818,1,0.0414,0,0.15,0.0414
350,350,0.40839,0.02532,-0.047188,0.40446,-0.060918,-0.012197,1,0.023467,0.97653,0.30886,1.8474,0.0005786,0.032703,0.013729,0.0022179,0.0013929,14.737,9.8579,1.3939e+07,1.3941e+07,0,0.18182,3.0806,0.81818,1,0.0416,0,0.15,0.0416
350,350,0.41001,0.025129,-0.047325,0.40607,-0.061101,-0.012224,1,0.023316,0.97668,0.30826,1.8467,0.0005786,0.032631,0.013735,0.0022136,0.0013924,14.733,9.8664,1.3939e+07,1.3941e+07,0,0.18182,3.0613,0.81818,1,0.0418,0,0.15,0.0418
350,350,0.41162,0.024938,-0.047463,0.40768,-0.061284,-0.012252,1,0.023166,0.97683,0.30766,1.846,0.0005786,0.032558,0.013742,0.0022093,0.0013919,14.729,9.8749,1.3939e+07,1.3941e+07,0,0.18182,3.0419,0.81818,1,0.042,0,0.15,0.042
350,350,0.41323,0.024747,-0.047601,0.40928,-0.061466,-0.01228,1,0.023015,0.97698,0.30706,1.8454,0.0005786,0.032485,0.013748,0.002205,0.0013914,14.725,9.8834,1.3939e+07,1.3941e+07,0,0.18182,3.0226,0.81818,1,0.0422,0,0.15,0.0422
350,350,0.41484,0.024556,-0.047739,0.41089,-0.061649,-0.012307,1,0.022865,0.97714,0.30646,1.8447,0.0005786,0.032413,0.013755,0.0022007,0.0013909,14.72,9.8919,1.3939e+07,1.3941e+07,0,0.18182,3.0033,0.81818,1,0.0424,0,0.15,0.0424
350,350,0.41645,0.024365,-0.047877,0.4125,-0.061832,-0.012335,1,0.022714,0.97729,0.30586,1.844,0.0005786,0.03234,0.013762,0.0021964,0.0013904,14.716,9.9004,1.3939e+07,1.3941e+07,0,0.18182,2.984,0.81818,1,0.0426,0,0.15,0.0426
350,350,0.41806,0.024173,-0.048015,0.4141,-0.062014,-0.012362,1,0.022564,0.97744,0.30526,1.8434,0.0005786,0.032268,0.013768,0.0021921,0.0013899,14.712,9.9089,1.3939e+07,1.3941e+07,0,0.18182,2.9646,0.81818,1,0.0428,0,0.15,0.0428
350,350,0.41968,0.023982,-0.048153,0.41571,-0.062197,-0.01239,1,0.022414,0.97759,0.30466,1.8427,0.0005786,0.032195,0.013775,0.0021878,0.0013894,14.708,9.9174,1.3939e+07,1.3941e+07,0,0.18182,2.9453,0.81818,1,0.043,0,0.15,0.043
350,350,0.42129,0.023791,-0.048291,0.41732,-0.06238,-0.012418,1,0.022263,0.97774,0.30406,1.842,0.0005786,0.032123,0.013782,0.0021834,0.0013889,14.703,9.9259,1.3939e+07,1.3941e+07,0,0.18182,2.926,0.81818,1,0.0432,0,0.15,0.0432
350,350,0.4229,0.0236,-0.048429,0.41892,-0.062562,-0.012445,1,0.022113,0.97789,0.30346,1.8414,0.0005786,0.03205,0.013788,0.0021791,0.0013884,14.699,9.9344,1.3939e+07,1.3941e+07,0,0.18182,2.9067,0.81818,1,0.0434,0,0.15,0.0434
350,350,0.42451,0.023409,-0.048566,0.42053,-0.062745,-0.012473,1,0.021962,0.97804,0.30286,1.8407,0.0005786,0.031977,0.013795,0.0021748,0.0013879,14.695,9.943,1.3939e+07,1.3941e+07,0,0.18182,2.8873,0.81818,1,0.0436,0,0.15,0.0436
350,350,0.42612,0.023217,-0.048704,0.42214,-0.062928,-0.0125,1,0.021812,0.97819,0.30226,1.84,0.0005786,0.031905,0.013801,0.0021705,0.0013874,14.691,9.9515,1.3939e+07,1.3941e+07,0,0.18182,2.868,0.81818,1,0.0438,0,0.15,0.0438
350,350,0.42773,0.023026,-0.048842,0.42375,-0.06311,-0.012528,1,0.021661,0.97834,0.30166,1.8394,0.0005786,0.031832,0.013808,0.0021662,0.0013869,14.686,9.96,1.3939e+07,1.3941e+07,0,0.18182,2.8487,0.81818,1,0.044,0,0.15,0.044
350,350,0.42935,0.022835,-0.04898,0.42535,-0.063293,-0.012556,1,0.021511,0.97849,0.30106,1.8387,0.0005786,0.03176,0.013815,0.0021619,0.0013864,14.682,9.9685,1.3939e+07,1.3941e+07,0,0.18182,2.8294,0.81818,1,0.0442,0,0.15,0.0442
350,350,0.43096,0.022644,-0.049118,0.42696,-0.063476,-0.012583,1,0.02136,0.97864,0.30046,1.838,0.0005786,0.031687,0.013821,0.0021576,0.0013859,14.678,9.977,1.3939e+07,1.3941e+07,0,0.18182,2.81,0.81818,1,0.0444,0,0.15,0.0444
350,350,0.43257,0.022453,-0.049256,0.42857,-0.063658,-0.012611,1,0.02121,0.97879,0.29986,1.8373,0.0005786,0.031615,0.013828,0.0021533,0.0013853,14.673,9.9855,1.3939e+07,1.3941e+07,0,0.18182,2.7907,0.81818,1,0.0446,0,0.15,0.0446
350,350,0.43418,0.022261,-0.049394,0.43017,-0.063841,-0.012638,1,0.02106,0.97894,0.29926,1.8367,0.0005786,0.031542,0.013835,0.002149,0.0013848,14.669,9.994,1.3939e+07,1.3941e+07,0,0.18182,2.7714,0.81818,1,0.0448,0,0.15,0.0448
350,350,0.43579,0.02207,-0.049532,0.43178,-0.064024,-0.012666,1,0.020909,0.97909,0.29866,1.836,0.0005786,0.03147,0.013841,0.0021447,0.0013843,14.665,10.003,1.3939e+07,1.3941e+07,0,0.18182,2.752,0.81818,1,0.045,0,0.15,0.045
350,350,0.4374,0.021879,-0.04967,0.43339,-0.064207,-0.012694,1,0.020759,0.97924,0.29806,1.8353,0.0005786,0.031397,0.013848,0.0021404,0.0013838,14.661,10.011,1.3939e+07,1.3941e+07,0,0.18182,2.7327,0.81818,1,0.0452,0,0.15,0.0452
350,350,0.43902,0.021688,-0.049808,0.43499,-0.064389,-0.012721,1,0.020608,0.97939,0.29746,1.8347,0.0005786,0.031324,0.013855,0.0021361,0.0013833,14.656,10.02,1.3939e+07,1.3941e+07,0,0.18182,2.7134,0.81818,1,0.0454,0,0.15,0.0454
350,350,0.44063,0.021497,-0.049945,0.4366,-0.064572,-0.012749,1,0.020458,0.97954,0.29686,1.834,0.0005786,0.031252,0.013861,0.0021318,0.0013828,14.652,10.028,1.3939e+07,1.3941e+07,0,0.18182,2.6941,0.81818,1,0.0456,0,0.15,0.0456
350,350,0.44224,0.021305,-0.050083,0.43821,-0.064755,-0.012776,1,0.020307,0.97969,0.29626,1.8333,0.0005786,0.031179,0.013868,0.0021274,0.0013823,14.648,10.037,1.3939e+07,1.3941e+07,0,0.18182,2.6747,0.81818,1,0.0458,0,0.15,0.0458
350,350,0.44385,0.021114,-0.050221,0.43981,-0.064937,-0.012804,1,0.020157,0.97984,0.29566,1.8327,0.0005786,0.031107,0.013874,0.0021231,0.0013818,14.644,10.045,1.3939e+07,1.3941e+07,0,0.18182,2.6554,0.81818,1,0.046,0,0.15,0.046
350,350,0.44546,0.020923,-0.050359,0.44142,-0.06512,-0.012832,1,0.020006,0.97999,0.29506,1.832,0.0005786,0.031034,0.013881,0.0021188,0.0013813,14.639,10.054,1.3939e+07,1.3941e+07,0,0.18182,2.6361,0.81818,1,0.0462,0,0.15,0.0462
350,350,0.44707,0.020732,-0.050497,0.44303,-0.065303,-0.012859,1,0.019856,0.98014,0.29446,1.8313,0.0005786,0.030962,0.013888,0.0021145,0.0013808,14.635,10.062,1.3939e+07,1.3941e+07,0,0.18182,2.6168,0.81818,1,0.0464,0,0.15,0.0464
350,350,0.44869,0.020541,-0.050635,0.44463,-0.065485,-0.012887,1,0.019705,0.98029,0.29386,1.8306,0.0005786,0.030889,0.013894,0.0021102,0.0013803,14.631,10.071,1.3939e+07,1.3941e+07,0,0.18182,2.5974,0.81818,1,0.0466,0,0.15,0.0466
350,350,0.4503,0.02035,-0.050773,0.44624,-0.065668,-0.012914,1,0.019555,0.98044,0.29326,1.83,0.0005786,0.030817,0.013901,0.0021059,0.0013798,14.626,10.079,1.3939e+07,1.3941e+07,0,0.18182,2.5781,0.81818,1,0.0468,0,0.15,0.0468
350,350,0.45191,0.020158,-0.050911,0.44785,-0.065851,-0.012942,1,0.019405,0.9806,0.29266,1.8293,0.0005786,0.030744,0.013908,0.0021016,0.0013793,14.622,10.088,1.3939e+07,1.3941e+07,0,0.18182,2.5588,0.81818,1,0.047,0,0.15,0.047
350,350,0.45352,0.019967,-0.051049,0.44945,-0.066033,-0.01297,1,0.019254,0.98075,0.29206,1.8286,0.0005786,0.030671,0.013914,0.0020973,0.0013788,14.618,10.096,1.3939e+07,1.3941e+07,0,0.18182,2.5395,0.81818,1,0.0472,0,0.15,0.0472
350,350,0.45513,0.019776,-0.051187,0.45106,-0.066216,-0.012997,1,0.019104,0.9809,0.29146,1.828,0.0005786,0.030599,0.013921,0.002093,0.0013783,14.614,10.105,1.3939e+07,1.3941e+07,0,0.18182,2.5201,0.81818,1,0.0474,0,0.15,0.0474
350,350,0.45675,0.019585,-0.051325,0.45267,-0.066399,-0.013025,1,0.018953,0.98105,0.29086,1.8273,0.0005786,0.030526,0.013927,0.0020887,0.0013778,14.609,10.113,1.3939e+07,1.3941e+07,0,0.18182,2.5008,0.81818,1,0.0476,0,0.15,0.0476
350,350,0.45836,0.019394,-0.051462,0.45428,-0.066581,-0.013053,1,0.018803,0.9812,0.29026,1.8266,0.0005786,0.030454,0.013934,0.0020844,0.0013773,14.605,10.122,1.3939e+07,1.3941e+07,0,0.18182,2.4815,0.81818,1,0.0478,0,0.15,0.0478
350,350,0.45997,0.019202,-0.0516,0.45588,-0.066764,-0.01308,1,0.018652,0.98135,0.28966,1.826,0.0005786,0.030381,0.013941,0.0020801,0.0013768,14.601,10.13,1.3939e+07,1.3941e+07,0,0.18182,2.4622,0.81818,1,0.048,0,0.15,0.048
350,350,0.46158,0.019011,-0.051738,0.45749,-0.066947,-0.013108,1,0.018502,0.9815,0.28906,1.8253,0.0005786,0.030309,0.013947,0.0020757,0.0013763,14.597,10.139,1.3939e+07,1.3941e+07,0,0.18182,2.4428,0.81818,1,0.0482,0,0.15,0.0482
350,350,0.46319,0.01882,-0.051876,0.4591,-0.067129,-0.013135,1,0.018351,0.98165,0.28846,1.8246,0.0005786,0.030236,0.013954,0.0020714,0.0013758,14.592,10.147,1.3939e+07,1.3941e+07,0,0.18182,2.4235,0.81818,1,0.0484,0,0.15,0.0484
350,350,0.4648,0.018629,-0.052014,0.4607,-0.067312,-0.013163,1,0.018201,0.9818,0.28786,1.824,0.0005786,0.030163,0.013961,0.0020671,0.0013752,14.588,10.156,1.3939e+07,1.3941e+07,0,0.18182,2.4042,0.81818,1,0.0486,0,0.15,0.0486
350,350,0.46642,0.018438,-0.052152,0.46231,-0.067495,-0.013191,1,0.018051,0.98195,0.28726,1.8233,0.0005786,0.030091,0.013967,0.0020628,0.0013747,14.584,10.164,1.3939e+07,1.3941e+07,0,0.18182,2.3848,0.81818,1,0.0488,0,0.15,0.0488
350,350,0.46803,0.018246,-0.05229,0.46392,-0.067678,-0.013218,1,0.0179,0.9821,0.28666,1.8226,0.0005786,0.030018,0.013974,0.0020585,0.0013742,14.58,10.173,1.3939e+07,1.3941e+07,0,0.18182,2.3655,0.81818,1,0.049,0,0.15,0.049
350,350,0.46964,0.018055,-0.052428,0.46552,-0.06786,-0.013246,1,0.01775,0.98225,0.28606,1.8219,0.0005786,0.029946,0.01398,0.0020542,0.0013737,14.575,10.181,1.3939e+07,1.3941e+07,0,0.18182,2.3462,0.81818,1,0.0492,0,0.15,0.0492
350,350,0.47125,0.017864,-0.052566,0.46713,-0.068043,-0.013273,1,0.017599,0.9824,0.28546,1.8213,0.0005786,0.029873,0.013987,0.0020499,0.0013732,14.571,10.19,1.3939e+07,1.3941e+07,0,0.18182,2.3269,0.81818,1,0.0494,0,0.15,0.0494
350,350,0.47286,0.017673,-0.052704,0.46874,-0.068226,-0.013301,1,0.017449,0.98255,0.28486,1.8206,0.0005786,0.029801,0.013994,0.0020456,0.0013727,14.567,10.198,1.3939e+07,1.3941e+07,0,0.18182,2.3075,0.81818,1,0.0496,0,0.15,0.0496
350,350,0.47447,0.017482,-0.052842,0.47034,-0.068408,-0.013329,1,0.017298,0.9827,0.28426,1.8199,0.0005786,0.029728,0.014,0.0020413,0.0013722,14.562,10.207,1.3939e+07,1.3941e+07,0,0.18182,2.2882,0.81818,1,0.0498,0,0.15,0.0498
350,350,0.47609,0.01729,-0.05298,0.47195,-0.068591,-0.013356,1,0.017148,0.98285,0.28366,1.8193,0.0005786,0.029656,0.014007,0.002037,0.0013717,14.558,10.215,1.3939e+07,1.3941e+07,0,0.18182,2.2689,0.81818,1,0.05,0,0.15,0.05
350,350,0.4777,0.017099,-0.053117,0.47356,-0.068774,-0.013384,1,0.016997,0.983,0.28306,1.8186,0.0005786,0.029583,0.014014,0.0020327,0.0013712,14.554,10.224,1.3939e+07,1.3941e+07,0,0.18182,2.2496,0.81818,1,0.0502,0,0.15,0.0502
350,350,0.47925,0.016953,-0.053243,0.47511,-0.068913,-0.013409,1,0.016867,0.98313,0.28243,1.8178,0.0005786,0.029511,0.014023,0.0020281,0.0013706,14.552,10.235,1.3939e+07,1.3941e+07,0,0.18182,2.2327,0.81818,1,0.0504,0,0.15,0.0504
350,350,0.48065,0.016925,-0.053335,0.4765,-0.068937,-0.013425,1,0.016788,0.98321,0.28172,1.8169,0.0005786,0.029441,0.014038,0.002023,0.0013699,14.554,10.252,1.3939e+07,1.3941e+07,0,0.18182,2.2226,0.81818,1,0.0506,0,0.15,0.0506
350,350,0.48204,0.016897,-0.053427,0.4779,-0.068961,-0.013442,1,0.016709,0.98329,0.281,1.816,0.0005786,0.02937,0.014053,0.0020179,0.0013692,14.557,10.269,1.3939e+07,1.3941e+07,0,0.18182,2.2125,0.81818,1,0.0508,0,0.15,0.0508
350,350,0.48344,0.016868,-0.053519,0.4793,-0.068985,-0.013459,1,0.016631,0.98337,0.28029,1.815,0.0005786,0.0293,0.014069,0.0020128,0.0013685,14.559,10.286,1.3939e+07,1.3941e+07,0,0.18182,2.2023,0.81818,1,0.051,0,0.15,0.051
350,350,0.48483,0.01684,-0.053611,0.48069,-0.06901,-0.013476,1,0.016552,0.98345,0.27958,1.8141,0.0005786,0.029229,0.014084,0.0020076,0.0013678,14.562,10.303,1.3939e+07,1.3941e+07,0,0.18182,2.1922,0.81818,1,0.0512,0,0.15,0.0512
350,350,0.48623,0.016812,-0.053703,0.48209,-0.069034,-0.013492,1,0.016474,0.98353,0.27886,1.8131,0.0005786,0.029159,0.014099,0.0020025,0.0013671,14.565,10.32,1.3939e+07,1.3941e+07,0,0.18182,2.182,0.81818,1,0.0514,0,0.15,0.0514
350,350,0.48763,0.016784,-0.053795,0.48349,-0.069058,-0.013509,1,0.016395,0.9836,0.27815,1.8122,0.0005786,0.029088,0.014115,0.0019974,0.0013664,14.567,10.337,1.3939e+07,1.3941e+07,0,0.18182,2.1719,0.81818,1,0.0516,0,0.15,0.0516
350,350,0.48902,0.016756,-0.053887,0.48488,-0.069082,-0.013526,1,0.016317,0.98368,0.27743,1.8112,0.0005786,0.029018,0.01413,0.0019922,0.0013656,14.57,10.354,1.3939e+07,1.3941e+07,0,0.18182,2.1617,0.81818,1,0.0518,0,0.15,0.0518
350,350,0.49042,0.016728,-0.053979,0.48628,-0.069106,-0.013543,1,0.016238,0.98376,0.27672,1.8103,0.0005786,0.028947,0.014146,0.0019871,0.0013649,14.573,10.371,1.3939e+07,1.3941e+07,0,0.18182,2.1516,0.81818,1,0.052,0,0.15,0.052
350,350,0.49181,0.0167,-0.054071,0.48767,-0.06913,-0.01356,1,0.016159,0.98384,0.27601,1.8093,0.0005786,0.028877,0.014161,0.001982,0.0013642,14.575,10.388,1.3939e+07,1.3941e+07,0,0.18182,2.1414,0.81818,1,0.0522,0,0.15,0.0522
350,350,0.49321,0.016672,-0.054163,0.48907,-0.069154,-0.013576,1,0.016081,0.98392,0.27529,1.8084,0.0005786,0.028806,0.014176,0.0019769,0.0013635,14.578,10.405,1.3939e+07,1.3941e+07,0,0.18182,2.1313,0.81818,1,0.0524,0,0.15,0.0524
350,350,0.49461,0.016644,-0.054255,0.49047,-0.069178,-0.013593,1,0.016002,0.984,0.27458,1.8074,0.0005786,0.028736,0.014192,0.0019717,0.0013628,14.58,10.422,1.3939e+07,1.3941e+07,0,0.18182,2.1211,0.81818,1,0.0526,0,0.15,0.0526
350,350,0.496,0.016616,-0.054347,0.49186,-0.069203,-0.01361,1,0.015924,0.98408,0.27386,1.8065,0.0005786,0.028665,0.014207,0.0019666,0.0013621,14.583,10.439,1.3939e+07,1.3941e+07,0,0.18182,2.111,0.81818,1,0.0528,0,0.15,0.0528
350,350,0.4974,0.016588,-0.054439,0.49326,-0.069227,-0.013627,1,0.015845,0.98415,0.27315,1.8055,0.0005786,0.028595,0.014222,0.0019615,0.0013614,14.586,10.456,1.3939e+07,1.3941e+07,0,0.18182,2.1008,0.81818,1,0.053,0,0.15,0.053
350,350,0.49879,0.01656,-0.054531,0.49466,-0.069251,-0.013643,1,0.015767,0.98423,0.27244,1.8046,0.0005786,0.028525,0.014238,0.0019563,0.0013606,14.588,10.474,1.3939e+07,1.3941e+07,0,0.18182,2.0907,0.81818,1,0.0532,0,0.15,0.0532
350,350,0.50019,0.016532,-0.054623,0.49605,-0.069275,-0.01366,1,0.015688,0.98431,0.27172,1.8036,0.0005786,0.028454,0.014253,0.0019512,0.0013599,14.591,10.491,1.3939e+07,1.3941e+07,0,0.18182,2.0806,0.81818,1,0.0534,0,0.15,0.0534
350,350,0.50159,0.016504,-0.054715,0.49745,-0.069299,-0.013677,1,0.015609,0.98439,0.27101,1.8027,0.0005786,0.028384,0.014268,0.0019461,0.0013592,14.594,10.508,1.3939e+07,1.3941e+07,0,0.18182,2.0704,0.81818,1,0.0536,0,0.15,0.0536
350,350,0.50298,0.016476,-0.054807,0.49885,-0.069323,-0.013694,1,0.015531,0.98447,0.27029,1.8017,0.0005786,0.028313,0.014284,0.001941,0.0013585,14.596,10.525,1.3939e+07,1.3941e+07,0,0.18182,2.0603,0.81818,1,0.0538,0,0.15,0.0538
350,350,0.50438,0.016448,-0.054899,0.50024,-0.069347,-0.013711,1,0.015452,0.98455,0.26958,1.8008,0.0005786,0.028243,0.014299,0.0019358,0.0013578,14.599,10.542,1.3939e+07,1.3941e+07,0,0.18182,2.0501,0.81818,1,0.054,0,0.15,0.054
350,350,0.50577,0.01642,-0.054991,0.50164,-0.069371,-0.013727,1,0.015374,0.98463,0.26887,1.7998,0.0005786,0.028172,0.014315,0.0019307,0.0013571,14.601,10.559,1.3939e+07,1.3941e+07,0,0.18182,2.04,0.81818,1,0.0542,0,0.15,0.0542
350,350,0.50717,0.016392,-0.055083,0.50304,-0.069396,-0.013744,1,0.015295,0.9847,0.26815,1.7989,0.0005786,0.028102,0.01433,0.0019256,0.0013563,14.604,10.576,1.3939e+07,1.3941e+07,0,0.18182,2.0298,0.81818,1,0.0544,0,0.15,0.0544
350,350,0.50857,0.016364,-0.055175,0.50443,-0.06942,-0.013761,1,0.015217,0.98478,0.26744,1.7979,0.0005786,0.028031,0.014345,0.0019205,0.0013556,14.607,10.593,1.3939e+07,1.3941e+07,0,0.18182,2.0197,0.81818,1,0.0546,0,0.15,0.0546
350,350,0.50996,0.016336,-0.055267,0.50583,-0.069444,-0.013778,1,0.015138,0.98486,0.26672,1.797,0.0005786,0.027961,0.014361,0.0019153,0.0013549,14.609,10.61,1.3939e+07,1.3941e+07,0,0.18182,2.0095,0.81818,1,0.0548,0,0.15,0.0548
350,350,0.51136,0.016308,-0.055359,0.50722,-0.069468,-0.013795,1,0.015059,0.98494,0.26601,1.796,0.0005786,0.02789,0.014376,0.0019102,0.0013542,14.612,10.627,1.3939e+07,1.3941e+07,0,0.18182,1.9994,0.81818,1,0.055,0,0.15,0.055
350,350,0.51275,0.01628,-0.055451,0.50862,-0.069492,-0.013811,1,0.014981,0.98502,0.2653,1.7951,0.0005786,0.02782,0.014391,0.0019051,0.0013535,14.615,10.644,1.3939e+07,1.3941e+07,0,0.18182,1.9892,0.81818,1,0.0552,0,0.15,0.0552
350,350,0.51415,0.016252,-0.055543,0.51002,-0.069516,-0.013828,1,0.014902,0.9851,0.26458,1.7941,0.0005786,0.02775,0.014407,0.0018999,0.0013528,14.617,10.661,1.3939e+07,1.3941e+07,0,0.18182,1.9791,0.81818,1,0.0554,0,0.15,0.0554
350,350,0.51555,0.016223,-0.055635,0.51141,-0.06954,-0.013845,1,0.014824,0.98518,0.26387,1.7932,0.0005786,0.027679,0.014422,0.0018948,0.0013521,14.62,10.678,1.3939e+07,1.3941e+07,0,0.18182,1.9689,0.81818,1,0.0556,0,0.15,0.0556
350,350,0.51694,0.016195,-0.055727,0.51281,-0.069564,-0.013862,1,0.014745,0.98525,0.26315,1.7922,0.0005786,0.027609,0.014437,0.0018897,0.0013513,14.622,10.695,1.3939e+07,1.3941e+07,0,0.18182,1.9588,0.81818,1,0.0558,0,0.15,0.0558
350,350,0.51834,0.016167,-0.055819,0.51421,-0.069589,-0.013878,1,0.014667,0.98533,0.26244,1.7913,0.0005786,0.027538,0.014453,0.0018846,0.0013506,14.625,10.712,1.3939e+07,1.3941e+07,0,0.18182,1.9487,0.81818,1,0.056,0,0.15,0.056
350,350,0.51973,0.016139,-0.055911,0.5156,-0.069613,-0.013895,1,0.014588,0.98541,0.26173,1.7904,0.0005786,0.027468,0.014468,0.0018794,0.0013499,14.628,10.73,1.3939e+07,1.3941e+07,0,0.18182,1.9385,0.81818,1,0.0562,0,0.15,0.0562
350,350,0.52113,0.016111,-0.056003,0.517,-0.069637,-0.013912,1,0.014509,0.98549,0.26101,1.7894,0.0005786,0.027397,0.014483,0.0018743,0.0013492,14.63,10.747,1.3939e+07,1.3941e+07,0,0.18182,1.9284,0.81818,1,0.0564,0,0.15,0.0564
350,350,0.52252,0.016083,-0.056096,0.5184,-0.069661,-0.013929,1,0.014431,0.98557,0.2603,1.7885,0.0005786,0.027327,0.014499,0.0018692,0.0013485,14.633,10.764,1.3939e+07,1.3941e+07,0,0.18182,1.9182,0.81818,1,0.0566,0,0.15,0.0566
350,350,0.52392,0.016055,-0.056188,0.51979,-0.069685,-0.013946,1,0.014352,0.98565,0.25958,1.7875,0.0005786,0.027256,0.014514,0.001864,0.0013478,14.636,10.781,1.3939e+07,1.3941e+07,0,0.18182,1.9081,0.81818,1,0.0568,0,0.15,0.0568
350,350,0.52532,0.016027,-0.05628,0.52119,-0.069709,-0.013962,1,0.014274,0.98573,0.25887,1.7866,0.0005786,0.027186,0.01453,0.0018589,0.0013471,14.638,10.798,1.3939e+07,1.3941e+07,0,0.18182,1.8979,0.81818,1,0.057,0,0.15,0.057
350,350,0.52671,0.015999,-0.056372,0.52259,-0.069733,-0.013979,1,0.014195,0.9858,0.25815,1.7856,0.0005786,0.027115,0.014545,0.0018538,0.0013463,14.641,10.815,1.3939e+07,1.3941e+07,0,0.18182,1.8878,0.81818,1,0.0572,0,0.15,0.0572
350,350,0.52811,0.015971,-0.056464,0.52398,-0.069757,-0.013996,1,0.014117,0.98588,0.25744,1.7847,0.0005786,0.027045,0.01456,0.0018487,0.0013456,14.643,10.832,1.3939e+07,1.3941e+07,0,0.18182,1.8776,0.81818,1,0.0574,0,0.15,0.0574
350,350,0.5295,0.015943,-0.056556,0.52538,-0.069782,-0.014013,1,0.014038,0.98596,0.25673,1.7837,0.0005786,0.026975,0.014576,0.0018435,0.0013449,14.646,10.849,1.3939e+07,1.3941e+07,0,0.18182,1.8675,0.81818,1,0.0576,0,0.15,0.0576
350,350,0.5309,0.015915,-0.056648,0.52677,-0.069806,-0.01403,1,0.013959,0.98604,0.25601,1.7828,0.0005786,0.026904,0.014591,0.0018384,0.0013442,14.649,10.866,1.3939e+07,1.3941e+07,0,0.18182,1.8573,0.81818,1,0.0578,0,0.15,0.0578
350,350,0.5323,0.015887,-0.05674,0.52817,-0.06983,-0.014047,1,0.013881,0.98612,0.2553,1.7818,0.0005786,0.026834,0.014606,0.0018333,0.0013435,14.651,10.883,1.3939e+07,1.3941e+07,0,0.18182,1.8472,0.81818,1,0.058,0,0.15,0.058
350,350,0.53369,0.015859,-0.056832,0.52957,-0.069854,-0.014063,1,0.013802,0.9862,0.25458,1.7809,0.0005786,0.026763,0.014622,0.0018282,0.0013428,14.654,10.9,1.3939e+07,1.3941e+07,0,0.18182,1.837,0.81818,1,0.0582,0,0.15,0.0582
350,350,0.53509,0.015831,-0.056924,0.53096,-0.069878,-0.01408,1,0.013724,0.98628,0.25387,1.7799,0.0005786,0.026693,0.014637,0.001823,0.0013421,14.657,10.917,1.3939e+07,1.3941e+07,0,0.18182,1.8269,0.81818,1,0.0584,0,0.15,0.0584
350,350,0.53648,0.015803,-0.057016,0.53236,-0.069902,-0.014097,1,0.013645,0.98635,0.25316,1.779,0.0005786,0.026622,0.014652,0.0018179,0.0013413,14.659,10.934,1.3939e+07,1.3941e+07,0,0.18182,1.8168,0.81818,1,0.0586,0,0.15,0.0586
350,350,0.53788,0.015775,-0.057108,0.53376,-0.069926,-0.014114,1,0.013566,0.98643,0.25244,1.778,0.0005786,0.026552,0.014668,0.0018128,0.0013406,14.662,10.951,1.3939e+07,1.3941e+07,0,0.18182,1.8066,0.81818,1,0.0588,0,0.15,0.0588
350,350,0.53928,0.015747,-0.0572,0.53515,-0.06995,-0.014131,1,0.013488,0.98651,0.25173,1.7771,0.0005786,0.026481,0.014683,0.0018076,0.0013399,14.664,10.969,1.3939e+07,1.3941e+07,0,0.18182,1.7965,0.81818,1,0.059,0,0.15,0.059
350,350,0.54067,0.015719,-0.057292,0.53655,-0.069975,-0.014147,1,0.013409,0.98659,0.25101,1.7761,0.0005786,0.026411,0.014699,0.0018025,0.0013392,14.667,10.986,1.3939e+07,1.3941e+07,0,0.18182,1.7863,0.81818,1,0.0592,0,0.15,0.0592
350,350,0.54207,0.015691,-0.057384,0.53795,-0.069999,-0.014164,1,0.013331,0.98667,0.2503,1.7752,0.0005786,0.02634,0.014714,0.0017974,0.0013385,14.67,11.003,1.3939e+07,1.3941e+07,0,0.18182,1.7762,0.81818,1,0.0594,0,0.15,0.0594
350,350,0.54346,0.015663,-0.057476,0.53934,-0.070023,-0.014181,1,0.013252,0.98675,0.24959,1.7742,0.0005786,0.02627,0.014729,0.0017923,0.0013378,14.672,11.02,1.3939e+07,1.3941e+07,0,0.18182,1.766,0.81818,1,0.0596,0,0.15,0.0596
350,350,0.54486,0.015635,-0.057568,0.54074,-0.070047,-0.014198,1,0.013174,0.98683,0.24887,1.7733,0.0005786,0.0262,0.014745,0.0017871,0.001337,14.675,11.037,1.3939e+07,1.3941e+07,0,0.18182,1.7559,0.81818,1,0.0598,0,0.15,0.0598
350,350,0.54626,0.015607,-0.05766,0.54214,-0.070071,-0.014215,1,0.013095,0.9869,0.24816,1.7723,0.0005786,0.026129,0.01476,0.001782,0.0013363,14.678,11.054,1.3939e+07,1.3941e+07,0,0.18182,1.7457,0.81818,1,0.06,0,0.15,0.06
350,350,0.54765,0.015579,-0.057752,0.54353,-0.070095,-0.014231,1,0.013016,0.98698,0.24744,1.7714,0.0005786,0.026059,0.014775,0.0017769,0.0013356,14.68,11.071,1.3939e+07,1.3941e+07,0,0.18182,1.7356,0.81818,1,0.0602,0,0.15,0.0602
350,350,0.54905,0.015551,-0.057845,0.54493,-0.070119,-0.014248,1,0.012938,0.98706,0.24673,1.7704,0.0005786,0.025988,0.014791,0.0017717,0.0013349,14.683,11.088,1.3939e+07,1.3941e+07,0,0.18182,1.7254,0.81818,1,0.0604,0,0.15,0.0604
350,350,0.55024,0.015623,-0.057892,0.54612,-0.070047,-0.014248,1,0.012888,0.98711,0.24601,1.7689,0.0005786,0.025926,0.01481,0.0017665,0.0013337,14.692,11.11,1.3939e+07,1.3941e+07,0,0.18182,1.7193,0.81818,1,0.0606,0,0.15,0.0606
350,350,0.5514,0.015709,-0.057933,0.54729,-0.069961,-0.014246,1,0.012841,0.98716,0.24528,1.7673,0.0005786,0.025864,0.01483,0.0017613,0.0013325,14.702,11.133,1.3939e+07,1.3941e+07,0,0.18182,1.7137,0.81818,1,0.0608,0,0.15,0.0608
350,350,0.55256,0.015796,-0.057974,0.54845,-0.069875,-0.014244,1,0.012795,0.9872,0.24455,1.7656,0.0005786,0.025803,0.01485,0.0017561,0.0013313,14.713,11.156,1.3939e+07,1.3941e+07,0,0.18182,1.7081,0.81818,1,0.061,0,0.15,0.061
350,350,0.55372,0.015882,-0.058015,0.54962,-0.069789,-0.014242,1,0.012749,0.98725,0.24383,1.764,0.0005786,0.025741,0.01487,0.0017509,0.0013301,14.723,11.179,1.3939e+07,1.3941e+07,0,0.18182,1.7026,0.81818,1,0.0612,0,0.15,0.0612
350,350,0.55488,0.015968,-0.058057,0.55079,-0.069704,-0.01424,1,0.012703,0.9873,0.2431,1.7624,0.0005786,0.02568,0.01489,0.0017457,0.0013288,14.733,11.202,1.3939e+07,1.3941e+07,0,0.18182,1.697,0.81818,1,0.0614,0,0.15,0.0614
350,350,0.55603,0.016054,-0.058098,0.55195,-0.069618,-0.014237,1,0.012656,0.98734,0.24238,1.7608,0.0005786,0.025618,0.014909,0.0017405,0.0013276,14.744,11.225,1.3939e+07,1.3941e+07,0,0.18182,1.6914,0.81818,1,0.0616,0,0.15,0.0616
350,350,0.55719,0.01614,-0.058139,0.55312,-0.069532,-0.014235,1,0.01261,0.98739,0.24165,1.7591,0.0005786,0.025557,0.014929,0.0017353,0.0013264,14.754,11.248,1.3939e+07,1.3941e+07,0,0.18182,1.6858,0.81818,1,0.0618,0,0.15,0.0618
350,350,0.55835,0.016227,-0.05818,0.55429,-0.069446,-0.014233,1,0.012564,0.98744,0.24093,1.7575,0.0005786,0.025495,0.014949,0.0017301,0.0013251,14.764,11.272,1.3939e+07,1.3941e+07,0,0.18182,1.6802,0.81818,1,0.062,0,0.15,0.062
350,350,0.55951,0.016313,-0.058222,0.55545,-0.069361,-0.014231,1,0.012518,0.98748,0.2402,1.7559,0.0005786,0.025434,0.014969,0.0017249,0.0013239,14.774,11.295,1.3939e+07,1.3941e+07,0,0.18182,1.6746,0.81818,1,0.0622,0,0.15,0.0622
350,350,0.56067,0.016399,-0.058263,0.55662,-0.069275,-0.014229,1,0.012471,0.98753,0.23948,1.7543,0.0005786,0.025372,0.014989,0.0017196,0.0013227,14.785,11.318,1.3939e+07,1.3941e+07,0,0.18182,1.6691,0.81818,1,0.0624,0,0.15,0.0624
350,350,0.56183,0.016485,-0.058304,0.55778,-0.069189,-0.014226,1,0.012425,0.98757,0.23875,1.7526,0.0005786,0.025311,0.015009,0.0017144,0.0013215,14.795,11.341,1.3939e+07,1.3941e+07,0,0.18182,1.6635,0.81818,1,0.0626,0,0.15,0.0626
350,350,0.56299,0.016571,-0.058345,0.55895,-0.069103,-0.014224,1,0.012379,0.98762,0.23802,1.751,0.0005786,0.025249,0.015029,0.0017092,0.0013202,14.805,11.364,1.3939e+07,1.3941e+07,0,0.18182,1.6579,0.81818,1,0.0628,0,0.15,0.0628
350,350,0.56415,0.016658,-0.058387,0.56012,-0.069018,-0.014222,1,0.012332,0.98767,0.2373,1.7494,0.0005786,0.025188,0.015049,0.001704,0.001319,14.816,11.387,1.3939e+07,1.3941e+07,0,0.18182,1.6523,0.81818,1,0.063,0,0.15,0.063
350,350,0.56531,0.016744,-0.058428,0.56128,-0.068932,-0.01422,1,0.012286,0.98771,0.23657,1.7477,0.0005786,0.025126,0.015068,0.0016988,0.0013178,14.826,11.41,1.3939e+07,1.3941e+07,0,0.18182,1.6467,0.81818,1,0.0632,0,0.15,0.0632
350,350,0.56647,0.01683,-0.058469,0.56245,-0.068846,-0.014218,1,0.01224,0.98776,0.23585,1.7461,0.0005786,0.025065,0.015088,0.0016936,0.0013166,14.836,11.433,1.3939e+07,1.3941e+07,0,0.18182,1.6411,0.81818,1,0.0634,0,0.15,0.0634
350,350,0.56763,0.016916,-0.05851,0.56361,-0.068761,-0.014215,1,0.012194,0.98781,0.23512,1.7445,0.0005786,0.025003,0.015108,0.0016884,0.0013153,14.846,11.456,1.3939e+07,1.3941e+07,0,0.18182,1.6356,0.81818,1,0.0636,0,0.15,0.0636
350,350,0.56879,0.017002,-0.058552,0.56478,-0.068675,-0.014213,1,0.012147,0.98785,0.2344,1.7429,0.0005786,0.024942,0.015128,0.0016832,0.0013141,14.857,11.479,1.3939e+07,1.3941e+07,0,0.18182,1.63,0.81818,1,0.0638,0,0.15,0.0638
350,350,0.56995,0.017088,-0.058593,0.56595,-0.068589,-0.014211,1,0.012101,0.9879,0.23367,1.7412,0.0005786,0.02488,0.015148,0.001678,0.0013129,14.867,11.502,1.3939e+07,1.3941e+07,0,0.18182,1.6244,0.81818,1,0.064,0,0.15,0.064
350,350,0.57111,0.017175,-0.058634,0.56711,-0.068503,-0.014209,1,0.012055,0.98795,0.23294,1.7396,0.0005786,0.024819,0.015168,0.0016728,0.0013117,14.877,11.525,1.3939e+07,1.3941e+07,0,0.18182,1.6188,0.81818,1,0.0642,0,0.15,0.0642
350,350,0.57227,0.017261,-0.058675,0.56828,-0.068418,-0.014207,1,0.012009,0.98799,0.23222,1.738,0.0005786,0.024757,0.015188,0.0016675,0.0013104,14.888,11.548,1.3939e+07,1.3941e+07,0,0.18182,1.6132,0.81818,1,0.0644,0,0.15,0.0644
350,350,0.57343,0.017347,-0.058717,0.56945,-0.068332,-0.014205,1,0.011962,0.98804,0.23149,1.7364,0.0005786,0.024696,0.015208,0.0016623,0.0013092,14.898,11.571,1.3939e+07,1.3941e+07,0,0.18182,1.6076,0.81818,1,0.0646,0,0.15,0.0646
350,350,0.57459,0.017433,-0.058758,0.57061,-0.068246,-0.014202,1,0.011916,0.98808,0.23077,1.7347,0.0005786,0.024634,0.015227,0.0016571,0.001308,14.908,11.594,1.3939e+07,1.3941e+07,0,0.18182,1.6021,0.81818,1,0.0648,0,0.15,0.0648
350,350,0.57575,0.017519,-0.058799,0.57178,-0.06816,-0.0142,1,0.01187,0.98813,0.23004,1.7331,0.0005786,0.024573,0.015247,0.0016519,0.0013067,14.918,11.617,1.3939e+07,1.3941e+07,0,0.18182,1.5965,0.81818,1,0.065,0,0.15,0.065
350,350,0.57691,0.017606,-0.058841,0.57294,-0.068075,-0.014198,1,0.011823,0.98818,0.22932,1.7315,0.0005786,0.024511,0.015267,0.0016467,0.0013055,14.929,11.64,1.3939e+07,1.3941e+07,0,0.18182,1.5909,0.81818,1,0.0652,0,0.15,0.0652
350,350,0.57807,0.017692,-0.058882,0.57411,-0.067989,-0.014196,1,0.011777,0.98822,0.22859,1.7298,0.0005786,0.02445,0.015287,0.0016415,0.0013043,14.939,11.663,1.3939e+07,1.3941e+07,0,0.18182,1.5853,0.81818,1,0.0654,0,0.15,0.0654
350,350,0.57923,0.017778,-0.058923,0.57528,-0.067903,-0.014194,1,0.011731,0.98827,0.22787,1.7282,0.0005786,0.024388,0.015307,0.0016363,0.0013031,14.949,11.686,1.3939e+07,1.3941e+07,0,0.18182,1.5797,0.81818,1,0.0656,0,0.15,0.0656
350,350,0.58039,0.017864,-0.058964,0.57644,-0.067817,-0.014191,1,0.011685,0.98832,0.22714,1.7266,0.0005786,0.024327,0.015327,0.0016311,0.0013018,14.96,11.709,1.3939e+07,1.3941e+07,0,0.18182,1.5741,0.81818,1,0.0658,0,0.15,0.0658
350,350,0.58155,0.01795,-0.059006,0.57761,-0.067732,-0.014189,1,0.011638,0.98836,0.22641,1.725,0.0005786,0.024265,0.015347,0.0016259,0.0013006,14.97,11.732,1.3939e+07,1.3941e+07,0,0.18182,1.5685,0.81818,1,0.066,0,0.15,0.066
350,350,0.58271,0.018037,-0.059047,0.57878,-0.067646,-0.014187,1,0.011592,0.98841,0.22569,1.7233,0.0005786,0.024204,0.015367,0.0016206,0.0012994,14.98,11.755,1.3939e+07,1.3941e+07,0,0.18182,1.563,0.81818,1,0.0662,0,0.15,0.0662
350,350,0.58387,0.018123,-0.059088,0.57994,-0.06756,-0.014185,1,0.011546,0.98845,0.22496,1.7217,0.0005786,0.024142,0.015386,0.0016154,0.0012982,14.99,11.778,1.3939e+07,1.3941e+07,0,0.18182,1.5574,0.81818,1,0.0664,0,0.15,0.0664
350,350,0.58503,0.018209,-0.059129,0.58111,-0.067475,-0.014183,1,0.011499,0.9885,0.22424,1.7201,0.0005786,0.024081,0.015406,0.0016102,0.0012969,15.001,11.801,1.3939e+07,1.3941e+07,0,0.18182,1.5518,0.81818,1,0.0666,0,0.15,0.0666
350,350,0.58619,0.018295,-0.059171,0.58227,-0.067389,-0.014181,1,0.011453,0.98855,0.22351,1.7185,0.0005786,0.024019,0.015426,0.001605,0.0012957,15.011,11.824,1.3939e+07,1.3941e+07,0,0.18182,1.5462,0.81818,1,0.0668,0,0.15,0.0668
350,350,0.58735,0.018381,-0.059212,0.58344,-0.067303,-0.014178,1,0.011407,0.98859,0.22279,1.7168,0.0005786,0.023958,0.015446,0.0015998,0.0012945,15.021,11.847,1.3939e+07,1.3941e+07,0,0.18182,1.5406,0.81818,1,0.067,0,0.15,0.067
350,350,0.58851,0.018468,-0.059253,0.58461,-0.067217,-0.014176,1,0.011361,0.98864,0.22206,1.7152,0.0005786,0.023896,0.015466,0.0015946,0.0012933,15.032,11.87,1.3939e+07,1.3941e+07,0,0.18182,1.535,0.81818,1,0.0672,0,0.15,0.0672
350,350,0.58967,0.018554,-0.059295,0.58577,-0.067132,-0.014174,1,0.011314,0.98869,0.22133,1.7136,0.0005786,0.023835,0.015486,0.0015894,0.001292,15.042,11.893,1.3939e+07,1.3941e+07,0,0.18182,1.5295,0.81818,1,0.0674,0,0.15,0.0674
350,350,0.59083,0.01864,-0.059336,0.58694,-0.067046,-0.014172,1,0.011268,0.98873,0.22061,1.712,0.0005786,0.023773,0.015506,0.0015842,0.0012908,15.052,11.916,1.3939e+07,1.3941e+07,0,0.18182,1.5239,0.81818,1,0.0676,0,0.15,0.0676
350,350,0.59199,0.018726,-0.059377,0.58811,-0.06696,-0.01417,1,0.011222,0.98878,0.21988,1.7103,0.0005786,0.023712,0.015526,0.001579,0.0012896,15.062,11.939,1.3939e+07,1.3941e+07,0,0.18182,1.5183,0.81818,1,0.0678,0,0.15,0.0678
350,350,0.59315,0.018812,-0.059418,0.58927,-0.066874,-0.014168,1,0.011176,0.98882,0.21916,1.7087,0.0005786,0.02365,0.015545,0.0015737,0.0012883,15.073,11.962,1.3939e+07,1.3941e+07,0,0.18182,1.5127,0.81818,1,0.068,0,0.15,0.068
350,350,0.59431,0.018899,-0.05946,0.59044,-0.066789,-0.014166,1,0.011129,0.98887,0.21843,1.7071,0.0005786,0.023589,0.015565,0.0015685,0.0012871,15.083,11.985,1.3939e+07,1.3941e+07,0,0.18182,1.5071,0.81818,1,0.0682,0,0.15,0.0682
350,350,0.59547,0.018985,-0.059501,0.5916,-0.066703,-0.014163,1,0.011083,0.98892,0.21771,1.7054,0.0005786,0.023527,0.015585,0.0015633,0.0012859,15.093,12.008,1.3939e+07,1.3941e+07,0,0.18182,1.5015,0.81818,1,0.0684,0,0.15,0.0684
350,350,0.59663,0.019071,-0.059542,0.59277,-0.066617,-0.014161,1,0.011037,0.98896,0.21698,1.7038,0.0005786,0.023466,0.015605,0.0015581,0.0012847,15.103,12.031,1.3939e+07,1.3941e+07,0,0.18182,1.496,0.81818,1,0.0686,0,0.15,0.0686
350,350,0.59779,0.019157,-0.059584,0.59394,-0.066531,-0.014159,1,0.01099,0.98901,0.21625,1.7022,0.0005786,0.023404,0.015625,0.0015529,0.0012834,15.114,12.054,1.3939e+07,1.3941e+07,0,0.18182,1.4904,0.81818,1,0.0688,0,0.15,0.0688
350,350,0.59895,0.019243,-0.059625,0.5951,-0.066446,-0.014157,1,0.010944,0.98906,0.21553,1.7006,0.0005786,0.023343,0.015645,0.0015477,0.0012822,15.124,12.077,1.3939e+07,1.3941e+07,0,0.18182,1.4848,0.81818,1,0.069,0,0.15,0.069
350,350,0.60011,0.01933,-0.059666,0.59627,-0.06636,-0.014155,1,0.010898,0.9891,0.2148,1.6989,0.0005786,0.023281,0.015665,0.0015425,0.001281,15.134,12.1,1.3939e+07,1.3941e+07,0,0.18182,1.4792,0.81818,1,0.0692,0,0.15,0.0692
350,350,0.60127,0.019416,-0.059708,0.59744,-0.066274,-0.014153,1,0.010852,0.98915,0.21408,1.6973,0.0005786,0.02322,0.015685,0.0015373,0.0012798,15.145,12.124,1.3939e+07,1.3941e+07,0,0.18182,1.4736,0.81818,1,0.0694,0,0.15,0.0694
350,350,0.60243,0.019502,-0.059749,0.5986,-0.066188,-0.014151,1,0.010805,0.98919,0.21335,1.6957,0.0005786,0.023158,0.015704,0.0015321,0.0012785,15.155,12.147,1.3939e+07,1.3941e+07,0,0.18182,1.468,0.81818,1,0.0696,0,0.15,0.0696
350,350,0.60359,0.019588,-0.05979,0.59977,-0.066103,-0.014148,1,0.010759,0.98924,0.21263,1.6941,0.0005786,0.023097,0.015724,0.0015268,0.0012773,15.165,12.17,1.3939e+07,1.3941e+07,0,0.18182,1.4624,0.81818,1,0.0698,0,0.15,0.0698
350,350,0.60475,0.019674,-0.059831,0.60093,-0.066017,-0.014146,1,0.010713,0.98929,0.2119,1.6924,0.0005786,0.023035,0.015744,0.0015216,0.0012761,15.175,12.193,1.3939e+07,1.3941e+07,0,0.18182,1.4569,0.81818,1,0.07,0,0.15,0.07
350,350,0.60591,0.019761,-0.059873,0.6021,-0.065931,-0.014144,1,0.010666,0.98933,0.21118,1.6908,0.0005786,0.022974,0.015764,0.0015164,0.0012749,15.186,12.216,1.3939e+07,1.3941e+07,0,0.18182,1.4513,0.81818,1,0.0702,0,0.15,0.0702
350,350,0.60707,0.019847,-0.059914,0.60327,-0.065845,-0.014142,1,0.01062,0.98938,0.21045,1.6892,0.0005786,0.022912,0.015784,0.0015112,0.0012736,15.196,12.239,1.3939e+07,1.3941e+07,0,0.18182,1.4457,0.81818,1,0.0704,0,0.15,0.0704
350,350,0.60811,0.019969,-0.059927,0.60432,-0.065726,-0.014125,1,0.010583,0.98942,0.20974,1.6867,0.0005786,0.022856,0.015803,0.0015061,0.0012718,15.21,12.263,1.3939e+07,1.3941e+07,0,0.18182,1.4413,0.81818,1,0.0706,0,0.15,0.0706
350,350,0.60901,0.020131,-0.059908,0.60523,-0.065568,-0.014092,1,0.010555,0.98945,0.20905,1.6833,0.0005786,0.022805,0.015821,0.0015012,0.0012692,15.227,12.29,1.3939e+07,1.3941e+07,0,0.18182,1.4383,0.81818,1,0.0708,0,0.15,0.0708
350,350,0.60992,0.020293,-0.059889,0.60615,-0.06541,-0.014059,1,0.010527,0.98947,0.20837,1.6799,0.0005786,0.022755,0.015839,0.0014962,0.0012666,15.245,12.317,1.3939e+07,1.3941e+07,0,0.18182,1.4352,0.81818,1,0.071,0,0.15,0.071
350,350,0.61083,0.020456,-0.059869,0.60707,-0.065252,-0.014026,1,0.010499,0.9895,0.20768,1.6765,0.0005786,0.022704,0.015857,0.0014913,0.0012641,15.262,12.344,1.3939e+07,1.3941e+07,0,0.18182,1.4322,0.81818,1,0.0712,0,0.15,0.0712
350,350,0.61173,0.020618,-0.05985,0.60799,-0.065094,-0.013993,1,0.010472,0.98953,0.20699,1.6731,0.0005786,0.022654,0.015875,0.0014864,0.0012615,15.279,12.371,1.3939e+07,1.3941e+07,0,0.18182,1.4292,0.81818,1,0.0714,0,0.15,0.0714
350,350,0.61264,0.02078,-0.059831,0.6089,-0.064936,-0.01396,1,0.010444,0.98956,0.2063,1.6697,0.0005786,0.022603,0.015894,0.0014814,0.0012589,15.297,12.397,1.3939e+07,1.3941e+07,0,0.18182,1.4262,0.81818,1,0.0716,0,0.15,0.0716
350,350,0.61354,0.020943,-0.059812,0.60982,-0.064778,-0.013927,1,0.010416,0.98958,0.20561,1.6663,0.0005786,0.022553,0.015912,0.0014765,0.0012564,15.314,12.424,1.3939e+07,1.3941e+07,0,0.18182,1.4231,0.81818,1,0.0718,0,0.15,0.0718
350,350,0.61445,0.021105,-0.059792,0.61074,-0.06462,-0.013894,1,0.010389,0.98961,0.20492,1.6629,0.0005786,0.022503,0.01593,0.0014715,0.0012538,15.332,12.451,1.3939e+07,1.3941e+07,0,0.18182,1.4201,0.81818,1,0.072,0,0.15,0.072
350,350,0.61536,0.021268,-0.059773,0.61166,-0.064462,-0.013861,1,0.010361,0.98964,0.20423,1.6595,0.0005786,0.022452,0.015948,0.0014666,0.0012512,15.349,12.478,1.3939e+07,1.3941e+07,0,0.18182,1.4171,0.81818,1,0.0722,0,0.15,0.0722
350,350,0.61626,0.02143,-0.059754,0.61257,-0.064304,-0.013828,1,0.010333,0.98967,0.20355,1.656,0.0005786,0.022402,0.015966,0.0014616,0.0012486,15.367,12.505,1.3939e+07,1.3941e+07,0,0.18182,1.414,0.81818,1,0.0724,0,0.15,0.0724
350,350,0.61717,0.021592,-0.059735,0.61349,-0.064146,-0.013795,1,0.010306,0.98969,0.20286,1.6526,0.0005786,0.022351,0.015984,0.0014567,0.0012461,15.384,12.532,1.3939e+07,1.3941e+07,0,0.18182,1.411,0.81818,1,0.0726,0,0.15,0.0726
350,350,0.61808,0.021755,-0.059715,0.61441,-0.063988,-0.013762,1,0.010278,0.98972,0.20217,1.6492,0.0005786,0.022301,0.016002,0.0014518,0.0012435,15.402,12.558,1.3939e+07,1.3941e+07,0,0.18182,1.408,0.81818,1,0.0728,0,0.15,0.0728
350,350,0.61898,0.021917,-0.059696,0.61533,-0.06383,-0.013729,1,0.01025,0.98975,0.20148,1.6458,0.0005786,0.02225,0.01602,0.0014468,0.0012409,15.419,12.585,1.3939e+07,1.3941e+07,0,0.18182,1.405,0.81818,1,0.073,0,0.15,0.073
350,350,0.61989,0.022079,-0.059677,0.61624,-0.063672,-0.013696,1,0.010222,0.98978,0.20079,1.6424,0.0005786,0.0222,0.016039,0.0014419,0.0012384,15.436,12.612,1.3939e+07,1.3941e+07,0,0.18182,1.4019,0.81818,1,0.0732,0,0.15,0.0732
350,350,0.62079,0.022242,-0.059658,0.61716,-0.063514,-0.013663,1,0.010195,0.98981,0.2001,1.639,0.0005786,0.022149,0.016057,0.0014369,0.0012358,15.454,12.639,1.3939e+07,1.3941e+07,0,0.18182,1.3989,0.81818,1,0.0734,0,0.15,0.0734
350,350,0.6217,0.022404,-0.059638,0.61808,-0.063356,-0.01363,1,0.010167,0.98983,0.19942,1.6356,0.0005786,0.022099,0.016075,0.001432,0.0012332,15.471,12.666,1.3939e+07,1.3941e+07,0,0.18182,1.3959,0.81818,1,0.0736,0,0.15,0.0736
350,350,0.62261,0.022566,-0.059619,0.619,-0.063198,-0.013597,1,0.010139,0.98986,0.19873,1.6322,0.0005786,0.022048,0.016093,0.001427,0.0012307,15.489,12.692,1.3939e+07,1.3941e+07,0,0.18182,1.3928,0.81818,1,0.0738,0,0.15,0.0738
350,350,0.62351,0.022729,-0.0596,0.61991,-0.06304,-0.013564,1,0.010112,0.98989,0.19804,1.6288,0.0005786,0.021998,0.016111,0.0014221,0.0012281,15.506,12.719,1.3939e+07,1.3941e+07,0,0.18182,1.3898,0.81818,1,0.074,0,0.15,0.074
350,350,0.62442,0.022891,-0.059581,0.62083,-0.062882,-0.013531,1,0.010084,0.98992,0.19735,1.6254,0.0005786,0.021947,0.016129,0.0014172,0.0012255,15.524,12.746,1.3939e+07,1.3941e+07,0,0.18182,1.3868,0.81818,1,0.0742,0,0.15,0.0742
350,350,0.62532,0.023054,-0.059562,0.62175,-0.062724,-0.013498,1,0.010056,0.98994,0.19666,1.622,0.0005786,0.021897,0.016147,0.0014122,0.0012229,15.541,12.773,1.3939e+07,1.3941e+07,0,0.18182,1.3838,0.81818,1,0.0744,0,0.15,0.0744
350,350,0.62623,0.023216,-0.059542,0.62266,-0.062566,-0.013465,1,0.010029,0.98997,0.19597,1.6186,0.0005786,0.021846,0.016166,0.0014073,0.0012204,15.559,12.8,1.3939e+07,1.3941e+07,0,0.18182,1.3807,0.81818,1,0.0746,0,0.15,0.0746
350,350,0.62714,0.023378,-0.059523,0.62358,-0.062408,-0.013432,1,0.010001,0.99,0.19529,1.6151,0.0005786,0.021796,0.016184,0.0014023,0.0012178,15.576,12.826,1.3939e+07,1.3941e+07,0,0.18182,1.3777,0.81818,1,0.0748,0,0.15,0.0748
350,350,0.62804,0.023541,-0.059504,0.6245,-0.06225,-0.013399,1,0.0099731,0.99003,0.1946,1.6117,0.0005786,0.021745,0.016202,0.0013974,0.0012152,15.593,12.853,1.3939e+07,1.3941e+07,0,0.18182,1.3747,0.81818,1,0.075,0,0.15,0.075
350,350,0.62895,0.023703,-0.059485,0.62542,-0.062092,-0.013366,1,0.0099454,0.99005,0.19391,1.6083,0.0005786,0.021695,0.01622,0.0013924,0.0012127,15.611,12.88,1.3939e+07,1.3941e+07,0,0.18182,1.3716,0.81818,1,0.0752,0,0.15,0.0752
350,350,0.62985,0.023865,-0.059465,0.62633,-0.061934,-0.013334,1,0.0099177,0.99008,0.19322,1.6049,0.0005786,0.021644,0.016238,0.0013875,0.0012101,15.628,12.907,1.3939e+07,1.3941e+07,0,0.18182,1.3686,0.81818,1,0.0754,0,0.15,0.0754
350,350,0.63076,0.024028,-0.059446,0.62725,-0.061776,-0.013301,1,0.00989,0.99011,0.19253,1.6015,0.0005786,0.021594,0.016256,0.0013826,0.0012075,15.646,12.934,1.3939e+07,1.3941e+07,0,0.18182,1.3656,0.81818,1,0.0756,0,0.15,0.0756
350,350,0.63167,0.02419,-0.059427,0.62817,-0.061618,-0.013268,1,0.0098623,0.99014,0.19184,1.5981,0.0005786,0.021543,0.016274,0.0013776,0.001205,15.663,12.96,1.3939e+07,1.3941e+07,0,0.18182,1.3626,0.81818,1,0.0758,0,0.15,0.0758
350,350,0.63257,0.024353,-0.059408,0.62909,-0.06146,-0.013235,1,0.0098346,0.99017,0.19116,1.5947,0.0005786,0.021493,0.016292,0.0013727,0.0012024,15.681,12.987,1.3939e+07,1.3941e+07,0,0.18182,1.3595,0.81818,1,0.076,0,0.15,0.076
350,350,0.63348,0.024515,-0.059389,0.63,-0.061302,-0.013202,1,0.0098069,0.99019,0.19047,1.5913,0.0005786,0.021442,0.016311,0.0013677,0.0011998,15.698,13.014,1.3939e+07,1.3941e+07,0,0.18182,1.3565,0.81818,1,0.0762,0,0.15,0.0762
350,350,0.63438,0.024677,-0.059369,0.63092,-0.061144,-0.013169,1,0.0097792,0.99022,0.18978,1.5879,0.0005786,0.021392,0.016329,0.0013628,0.0011972,15.716,13.041,1.3939e+07,1.3941e+07,0,0.18182,1.3535,0.81818,1,0.0764,0,0.15,0.0764
350,350,0.63529,0.02484,-0.05935,0.63184,-0.060986,-0.013136,1,0.0097515,0.99025,0.18909,1.5845,0.0005786,0.021341,0.016347,0.0013578,0.0011947,15.733,13.068,1.3939e+07,1.3941e+07,0,0.18182,1.3504,0.81818,1,0.0766,0,0.15,0.0766
350,350,0.6362,0.025002,-0.059331,0.63276,-0.060828,-0.013103,1,0.0097238,0.99028,0.1884,1.5811,0.0005786,0.021291,0.016365,0.0013529,0.0011921,15.75,13.095,1.3939e+07,1.3941e+07,0,0.18182,1.3474,0.81818,1,0.0768,0,0.15,0.0768
350,350,0.6371,0.025164,-0.059312,0.63367,-0.06067,-0.01307,1,0.0096961,0.9903,0.18771,1.5777,0.0005786,0.02124,0.016383,0.001348,0.0011895,15.768,13.121,1.3939e+07,1.3941e+07,0,0.18182,1.3444,0.81818,1,0.077,0,0.15,0.077
350,350,0.63801,0.025327,-0.059293,0.63459,-0.060512,-0.013037,1,0.0096684,0.99033,0.18703,1.5742,0.0005786,0.02119,0.016401,0.001343,0.001187,15.785,13.148,1.3939e+07,1.3941e+07,0,0.18182,1.3414,0.81818,1,0.0772,0,0.15,0.0772
350,350,0.63891,0.025489,-0.059273,0.63551,-0.060354,-0.013004,1,0.0096407,0.99036,0.18634,1.5708,0.0005786,0.021139,0.016419,0.0013381,0.0011844,15.803,13.175,1.3939e+07,1.3941e+07,0,0.18182,1.3383,0.81818,1,0.0774,0,0.15,0.0774
350,350,0.63982,0.025652,-0.059254,0.63643,-0.060196,-0.012971,1,0.009613,0.99039,0.18565,1.5674,0.0005786,0.021089,0.016437,0.0013331,0.0011818,15.82,13.202,1.3939e+07,1.3941e+07,0,0.18182,1.3353,0.81818,1,0.0776,0,0.15,0.0776
350,350,0.64073,0.025814,-0.059235,0.63734,-0.060038,-0.012938,1,0.0095853,0.99041,0.18496,1.564,0.0005786,0.021038,0.016456,0.0013282,0.0011793,15.838,13.229,1.3939e+07,1.3941e+07,0,0.18182,1.3323,0.81818,1,0.0778,0,0.15,0.0778
350,350,0.64163,0.025976,-0.059216,0.63826,-0.05988,-0.012905,1,0.0095575,0.99044,0.18427,1.5606,0.0005786,0.020988,0.016474,0.0013232,0.0011767,15.855,13.255,1.3939e+07,1.3941e+07,0,0.18182,1.3292,0.81818,1,0.078,0,0.15,0.078
350,350,0.64254,0.026139,-0.059197,0.63918,-0.059722,-0.012872,1,0.0095298,0.99047,0.18358,1.5572,0.0005786,0.020937,0.016492,0.0013183,0.0011741,15.872,13.282,1.3939e+07,1.3941e+07,0,0.18182,1.3262,0.81818,1,0.0782,0,0.15,0.0782
350,350,0.64345,0.026301,-0.059178,0.6401,-0.059564,-0.012839,1,0.0095021,0.9905,0.1829,1.5538,0.0005786,0.020887,0.01651,0.0013134,0.0011716,15.89,13.309,1.3939e+07,1.3941e+07,0,0.18182,1.3232,0.81818,1,0.0784,0,0.15,0.0784
350,350,0.64435,0.026463,-0.059158,0.64101,-0.059406,-0.012806,1,0.0094744,0.99053,0.18221,1.5504,0.0005786,0.020836,0.016528,0.0013084,0.001169,15.907,13.336,1.3939e+07,1.3941e+07,0,0.18182,1.3202,0.81818,1,0.0786,0,0.15,0.0786
350,350,0.64526,0.026626,-0.059139,0.64193,-0.059248,-0.012773,1,0.0094467,0.99055,0.18152,1.547,0.0005786,0.020786,0.016546,0.0013035,0.0011664,15.925,13.363,1.3939e+07,1.3941e+07,0,0.18182,1.3171,0.81818,1,0.0788,0,0.15,0.0788
350,350,0.64616,0.026788,-0.05912,0.64285,-0.05909,-0.01274,1,0.009419,0.99058,0.18083,1.5436,0.0005786,0.020735,0.016564,0.0012985,0.0011638,15.942,13.389,1.3939e+07,1.3941e+07,0,0.18182,1.3141,0.81818,1,0.079,0,0.15,0.079
350,350,0.64707,0.026951,-0.059101,0.64377,-0.058932,-0.012707,1,0.0093913,0.99061,0.18014,1.5402,0.0005786,0.020685,0.016582,0.0012936,0.0011613,15.96,13.416,1.3939e+07,1.3941e+07,0,0.18182,1.3111,0.81818,1,0.0792,0,0.15,0.0792
350,350,0.64798,0.027113,-0.059082,0.64468,-0.058774,-0.012674,1,0.0093636,0.99064,0.17945,1.5368,0.0005786,0.020634,0.016601,0.0012886,0.0011587,15.977,13.443,1.3939e+07,1.3941e+07,0,0.18182,1.308,0.81818,1,0.0794,0,0.15,0.0794
350,350,0.64888,0.027275,-0.059063,0.6456,-0.058616,-0.012641,1,0.0093359,0.99066,0.17877,1.5333,0.0005786,0.020584,0.016619,0.0012837,0.0011561,15.995,13.47,1.3939e+07,1.3941e+07,0,0.18182,1.305,0.81818,1,0.0796,0,0.15,0.0796
350,350,0.64979,0.027438,-0.059043,0.64652,-0.058458,-0.012609,1,0.0093082,0.99069,0.17808,1.5299,0.0005786,0.020533,0.016637,0.0012788,0.0011536,16.012,13.497,1.3939e+07,1.3941e+07,0,0.18182,1.302,0.81818,1,0.0798,0,0.15,0.0798
350,350,0.65069,0.0276,-0.059024,0.64744,-0.0583,-0.012576,1,0.0092805,0.99072,0.17739,1.5265,0.0005786,0.020483,0.016655,0.0012738,0.001151,16.029,13.524,1.3939e+07,1.3941e+07,0,0.18182,1.299,0.81818,1,0.08,0,0.15,0.08
350,350,0.6516,0.027762,-0.059005,0.64835,-0.058142,-0.012543,1,0.0092528,0.99075,0.1767,1.5231,0.0005786,0.020432,0.016673,0.0012689,0.0011484,16.047,13.55,1.3939e+07,1.3941e+07,0,0.18182,1.2959,0.81818,1,0.0802,0,0.15,0.0802
350,350,0.65251,0.027925,-0.058986,0.64927,-0.057984,-0.01251,1,0.0092251,0.99077,0.17601,1.5197,0.0005786,0.020382,0.016691,0.0012639,0.0011459,16.064,13.577,1.3939e+07,1.3941e+07,0,0.18182,1.2929,0.81818,1,0.0804,0,0.15,0.0804
350,350,0.6534,0.028089,-0.058965,0.65018,-0.057825,-0.012476,1,0.0091977,0.9908,0.17532,1.5163,0.0005786,0.020332,0.016709,0.001259,0.0011433,16.082,13.604,1.3939e+07,1.3941e+07,0,0.18182,1.2899,0.81818,1,0.0806,0,0.15,0.0806
350,350,0.65403,0.028309,-0.058888,0.65082,-0.057612,-0.012415,1,0.0091819,0.99082,0.17461,1.5119,0.0005786,0.020289,0.016721,0.0012538,0.00114,16.104,13.634,1.3939e+07,1.3941e+07,0,0.18182,1.2882,0.81818,1,0.0808,0,0.15,0.0808
350,350,0.65465,0.028528,-0.058811,0.65146,-0.0574,-0.012354,1,0.009166,0.99083,0.17389,1.5076,0.0005786,0.020247,0.016734,0.0012487,0.0011367,16.127,13.665,1.3939e+07,1.3941e+07,0,0.18182,1.2864,0.81818,1,0.081,0,0.15,0.081
350,350,0.65528,0.028748,-0.058734,0.65209,-0.057187,-0.012293,1,0.0091502,0.99085,0.17317,1.5033,0.0005786,0.020204,0.016746,0.0012435,0.0011334,16.149,13.695,1.3939e+07,1.3941e+07,0,0.18182,1.2847,0.81818,1,0.0812,0,0.15,0.0812
350,350,0.6559,0.028968,-0.058657,0.65273,-0.056975,-0.012231,1,0.0091343,0.99087,0.17246,1.4989,0.0005786,0.020162,0.016758,0.0012384,0.0011302,16.171,13.726,1.3939e+07,1.3941e+07,0,0.18182,1.2829,0.81818,1,0.0814,0,0.15,0.0814
350,350,0.65653,0.029188,-0.058581,0.65337,-0.056762,-0.01217,1,0.0091185,0.99088,0.17174,1.4946,0.0005786,0.020119,0.01677,0.0012332,0.0011269,16.194,13.756,1.3939e+07,1.3941e+07,0,0.18182,1.2811,0.81818,1,0.0816,0,0.15,0.0816
350,350,0.65715,0.029408,-0.058504,0.65401,-0.05655,-0.012109,1,0.0091027,0.9909,0.17103,1.4902,0.0005786,0.020077,0.016783,0.0012281,0.0011236,16.216,13.786,1.3939e+07,1.3941e+07,0,0.18182,1.2794,0.81818,1,0.0818,0,0.15,0.0818
350,350,0.65778,0.029628,-0.058427,0.65464,-0.056337,-0.012048,1,0.0090868,0.99091,0.17031,1.4859,0.0005786,0.020035,0.016795,0.001223,0.0011204,16.238,13.817,1.3939e+07,1.3941e+07,0,0.18182,1.2776,0.81818,1,0.082,0,0.15,0.082
350,350,0.6584,0.029848,-0.05835,0.65528,-0.056125,-0.011987,1,0.009071,0.99093,0.16959,1.4816,0.0005786,0.019992,0.016807,0.0012178,0.0011171,16.26,13.847,1.3939e+07,1.3941e+07,0,0.18182,1.2759,0.81818,1,0.0822,0,0.15,0.0822
350,350,0.65903,0.030067,-0.058273,0.65592,-0.055912,-0.011926,1,0.0090552,0.99094,0.16888,1.4772,0.0005786,0.01995,0.01682,0.0012127,0.0011138,16.283,13.878,1.3939e+07,1.3941e+07,0,0.18182,1.2741,0.81818,1,0.0824,0,0.15,0.0824
350,350,0.65965,0.030287,-0.058196,0.65656,-0.0557,-0.011864,1,0.0090393,0.99096,0.16816,1.4729,0.0005786,0.019907,0.016832,0.0012075,0.0011105,16.305,13.908,1.3939e+07,1.3941e+07,0,0.18182,1.2724,0.81818,1,0.0826,0,0.15,0.0826
350,350,0.66028,0.030507,-0.058119,0.65719,-0.055487,-0.011803,1,0.0090235,0.99098,0.16744,1.4685,0.0005786,0.019865,0.016844,0.0012024,0.0011073,16.327,13.938,1.3939e+07,1.3941e+07,0,0.18182,1.2706,0.81818,1,0.0828,0,0.15,0.0828
350,350,0.6609,0.030727,-0.058042,0.65783,-0.055275,-0.011742,1,0.0090077,0.99099,0.16673,1.4642,0.0005786,0.019822,0.016856,0.0011972,0.001104,16.35,13.969,1.3939e+07,1.3941e+07,0,0.18182,1.2689,0.81818,1,0.083,0,0.15,0.083
350,350,0.66153,0.030947,-0.057965,0.65847,-0.055062,-0.011681,1,0.0089918,0.99101,0.16601,1.4598,0.0005786,0.01978,0.016869,0.0011921,0.0011007,16.372,13.999,1.3939e+07,1.3941e+07,0,0.18182,1.2671,0.81818,1,0.0832,0,0.15,0.0832
350,350,0.66215,0.031167,-0.057888,0.65911,-0.05485,-0.01162,1,0.008976,0.99102,0.16529,1.4555,0.0005786,0.019737,0.016881,0.0011869,0.0010974,16.394,14.03,1.3939e+07,1.3941e+07,0,0.18182,1.2654,0.81818,1,0.0834,0,0.15,0.0834
350,350,0.66277,0.031387,-0.057812,0.65974,-0.054637,-0.011559,1,0.0089601,0.99104,0.16458,1.4512,0.0005786,0.019695,0.016893,0.0011818,0.0010942,16.417,14.06,1.3939e+07,1.3941e+07,0,0.18182,1.2636,0.81818,1,0.0836,0,0.15,0.0836
350,350,0.6634,0.031606,-0.057735,0.66038,-0.054425,-0.011498,1,0.0089443,0.99106,0.16386,1.4468,0.0005786,0.019652,0.016905,0.0011767,0.0010909,16.439,14.09,1.3939e+07,1.3941e+07,0,0.18182,1.2619,0.81818,1,0.0838,0,0.15,0.0838
350,350,0.66402,0.031826,-0.057658,0.66102,-0.054212,-0.011436,1,0.0089285,0.99107,0.16314,1.4425,0.0005786,0.01961,0.016918,0.0011715,0.0010876,16.461,14.121,1.3939e+07,1.3941e+07,0,0.18182,1.2601,0.81818,1,0.084,0,0.15,0.084
350,350,0.66465,0.032046,-0.057581,0.66166,-0.054,-0.011375,1,0.0089126,0.99109,0.16243,1.4381,0.0005786,0.019568,0.01693,0.0011664,0.0010844,16.484,14.151,1.3939e+07,1.3941e+07,0,0.18182,1.2584,0.81818,1,0.0842,0,0.15,0.0842
350,350,0.66527,0.032266,-0.057504,0.66229,-0.053787,-0.011314,1,0.0088968,0.9911,0.16171,1.4338,0.0005786,0.019525,0.016942,0.0011612,0.0010811,16.506,14.181,1.3939e+07,1.3941e+07,0,0.18182,1.2566,0.81818,1,0.0844,0,0.15,0.0844
350,350,0.6659,0.032486,-0.057427,0.66293,-0.053575,-0.011253,1,0.008881,0.99112,0.16099,1.4295,0.0005786,0.019483,0.016955,0.0011561,0.0010778,16.528,14.212,1.3939e+07,1.3941e+07,0,0.18182,1.2549,0.81818,1,0.0846,0,0.15,0.0846
350,350,0.66652,0.032706,-0.05735,0.66357,-0.053362,-0.011192,1,0.0088651,0.99113,0.16028,1.4251,0.0005786,0.01944,0.016967,0.0011509,0.0010745,16.551,14.242,1.3939e+07,1.3941e+07,0,0.18182,1.2531,0.81818,1,0.0848,0,0.15,0.0848
350,350,0.66715,0.032926,-0.057273,0.66421,-0.05315,-0.011131,1,0.0088493,0.99115,0.15956,1.4208,0.0005786,0.019398,0.016979,0.0011458,0.0010713,16.573,14.273,1.3939e+07,1.3941e+07,0,0.18182,1.2514,0.81818,1,0.085,0,0.15,0.085
350,350,0.66777,0.033146,-0.057197,0.66484,-0.052937,-0.01107,1,0.0088335,0.99117,0.15885,1.4164,0.0005786,0.019355,0.016991,0.0011406,0.001068,16.595,14.303,1.3939e+07,1.3941e+07,0,0.18182,1.2496,0.81818,1,0.0852,0,0.15,0.0852
350,350,0.6684,0.033365,-0.05712,0.66548,-0.052725,-0.011009,1,0.0088176,0.99118,0.15813,1.4121,0.0005786,0.019313,0.017004,0.0011355,0.0010647,16.618,14.333,1.3939e+07,1.3941e+07,0,0.18182,1.2479,0.81818,1,0.0854,0,0.15,0.0854
350,350,0.66902,0.033585,-0.057043,0.66612,-0.052512,-0.010947,1,0.0088018,0.9912,0.15741,1.4078,0.0005786,0.01927,0.017016,0.0011304,0.0010614,16.64,14.364,1.3939e+07,1.3941e+07,0,0.18182,1.2461,0.81818,1,0.0856,0,0.15,0.0856
350,350,0.66965,0.033805,-0.056966,0.66676,-0.0523,-0.010886,1,0.0087859,0.99121,0.1567,1.4034,0.0005786,0.019228,0.017028,0.0011252,0.0010582,16.662,14.394,1.3939e+07,1.3941e+07,0,0.18182,1.2444,0.81818,1,0.0858,0,0.15,0.0858
350,350,0.67027,0.034025,-0.056889,0.66739,-0.052087,-0.010825,1,0.0087701,0.99123,0.15598,1.3991,0.0005786,0.019185,0.01704,0.0011201,0.0010549,16.685,14.425,1.3939e+07,1.3941e+07,0,0.18182,1.2426,0.81818,1,0.086,0,0.15,0.086
350,350,0.6709,0.034245,-0.056812,0.66803,-0.051875,-0.010764,1,0.0087543,0.99125,0.15526,1.3947,0.0005786,0.019143,0.017053,0.0011149,0.0010516,16.707,14.455,1.3939e+07,1.3941e+07,0,0.18182,1.2409,0.81818,1,0.0862,0,0.15,0.0862
350,350,0.67152,0.034465,-0.056735,0.66867,-0.051662,-0.010703,1,0.0087384,0.99126,0.15455,1.3904,0.0005786,0.019101,0.017065,0.0011098,0.0010484,16.729,14.485,1.3939e+07,1.3941e+07,0,0.18182,1.2391,0.81818,1,0.0864,0,0.15,0.0864
350,350,0.67214,0.034685,-0.056658,0.66931,-0.05145,-0.010642,1,0.0087226,0.99128,0.15383,1.3861,0.0005786,0.019058,0.017077,0.0011046,0.0010451,16.752,14.516,1.3939e+07,1.3941e+07,0,0.18182,1.2374,0.81818,1,0.0866,0,0.15,0.0866
350,350,0.67277,0.034904,-0.056582,0.66994,-0.051237,-0.010581,1,0.0087068,0.99129,0.15311,1.3817,0.0005786,0.019016,0.017089,0.0010995,0.0010418,16.774,14.546,1.3939e+07,1.3941e+07,0,0.18182,1.2356,0.81818,1,0.0868,0,0.15,0.0868
350,350,0.67339,0.035124,-0.056505,0.67058,-0.051025,-0.01052,1,0.0086909,0.99131,0.1524,1.3774,0.0005786,0.018973,0.017102,0.0010943,0.0010385,16.796,14.577,1.3939e+07,1.3941e+07,0,0.18182,1.2339,0.81818,1,0.087,0,0.15,0.087
350,350,0.67402,0.035344,-0.056428,0.67122,-0.050812,-0.010459,1,0.0086751,0.99132,0.15168,1.373,0.0005786,0.018931,0.017114,0.0010892,0.0010353,16.818,14.607,1.3939e+07,1.3941e+07,0,0.18182,1.2321,0.81818,1,0.0872,0,0.15,0.0872
350,350,0.67464,0.035564,-0.056351,0.67186,-0.0506,-0.010397,1,0.0086593,0.99134,0.15096,1.3687,0.0005786,0.018888,0.017126,0.001084,0.001032,16.841,14.637,1.3939e+07,1.3941e+07,0,0.18182,1.2304,0.81818,1,0.0874,0,0.15,0.0874
350,350,0.67527,0.035784,-0.056274,0.67249,-0.050387,-0.010336,1,0.0086434,0.99136,0.15025,1.3644,0.0005786,0.018846,0.017139,0.0010789,0.0010287,16.863,14.668,1.3939e+07,1.3941e+07,0,0.18182,1.2286,0.81818,1,0.0876,0,0.15,0.0876
350,350,0.67589,0.036004,-0.056197,0.67313,-0.050175,-0.010275,1,0.0086276,0.99137,0.14953,1.36,0.0005786,0.018803,0.017151,0.0010738,0.0010254,16.885,14.698,1.3939e+07,1.3941e+07,0,0.18182,1.2269,0.81818,1,0.0878,0,0.15,0.0878
350,350,0.67652,0.036224,-0.056121,0.67377,-0.049962,-0.010214,1,0.0086117,0.99139,0.14882,1.3557,0.0005786,0.018761,0.017163,0.0010686,0.0010222,16.908,14.728,1.3939e+07,1.3941e+07,0,0.18182,1.2251,0.81818,1,0.088,0,0.15,0.088
350,350,0.67714,0.036443,-0.056044,0.67441,-0.04975,-0.010153,1,0.0085959,0.9914,0.1481,1.3513,0.0005786,0.018719,0.017175,0.0010635,0.0010189,16.93,14.759,1.3939e+07,1.3941e+07,0,0.18182,1.2234,0.81818,1,0.0882,0,0.15,0.0882
350,350,0.67777,0.036663,-0.055967,0.67504,-0.049537,-0.010092,1,0.0085801,0.99142,0.14738,1.347,0.0005786,0.018676,0.017188,0.0010583,0.0010156,16.952,14.789,1.3939e+07,1.3941e+07,0,0.18182,1.2216,0.81818,1,0.0884,0,0.15,0.0884
350,350,0.67839,0.036883,-0.05589,0.67568,-0.049325,-0.010031,1,0.0085642,0.99144,0.14667,1.3426,0.0005786,0.018634,0.0172,0.0010532,0.0010123,16.975,14.82,1.3939e+07,1.3941e+07,0,0.18182,1.2199,0.81818,1,0.0886,0,0.15,0.0886
350,350,0.67902,0.037103,-0.055813,0.67632,-0.049112,-0.0099698,1,0.0085484,0.99145,0.14595,1.3383,0.0005786,0.018591,0.017212,0.001048,0.0010091,16.997,14.85,1.3939e+07,1.3941e+07,0,0.18182,1.2181,0.81818,1,0.0888,0,0.15,0.0888
350,350,0.67964,0.037323,-0.055736,0.67696,-0.0489,-0.0099087,1,0.0085326,0.99147,0.14523,1.334,0.0005786,0.018549,0.017224,0.0010429,0.0010058,17.019,14.88,1.3939e+07,1.3941e+07,0,0.18182,1.2164,0.81818,1,0.089,0,0.15,0.089
350,350,0.68027,0.037543,-0.05566,0.67759,-0.048687,-0.0098476,1,0.0085167,0.99148,0.14452,1.3296,0.0005786,0.018506,0.017237,0.0010377,0.0010025,17.042,14.911,1.3939e+07,1.3941e+07,0,0.18182,1.2146,0.81818,1,0.0892,0,0.15,0.0892
350,350,0.68089,0.037763,-0.055583,0.67823,-0.048475,-0.0097866,1,0.0085009,0.9915,0.1438,1.3253,0.0005786,0.018464,0.017249,0.0010326,0.00099926,17.064,14.941,1.3939e+07,1.3941e+07,0,0.18182,1.2129,0.81818,1,0.0894,0,0.15,0.0894
350,350,0.68151,0.037982,-0.055506,0.67887,-0.048262,-0.0097255,1,0.008485,0.99151,0.14308,1.3209,0.0005786,0.018421,0.017261,0.0010275,0.00099598,17.086,14.972,1.3939e+07,1.3941e+07,0,0.18182,1.2111,0.81818,1,0.0896,0,0.15,0.0896
350,350,0.68214,0.038202,-0.055429,0.67951,-0.04805,-0.0096644,1,0.0084692,0.99153,0.14237,1.3166,0.0005786,0.018379,0.017273,0.0010223,0.00099271,17.109,15.002,1.3939e+07,1.3941e+07,0,0.18182,1.2094,0.81818,1,0.0898,0,0.15,0.0898
350,350,0.68276,0.038422,-0.055352,0.68014,-0.047837,-0.0096033,1,0.0084534,0.99155,0.14165,1.3123,0.0005786,0.018336,0.017286,0.0010172,0.00098944,17.131,15.032,1.3939e+07,1.3941e+07,0,0.18182,1.2076,0.81818,1,0.09,0,0.15,0.09
350,350,0.68339,0.038642,-0.055275,0.68078,-0.047625,-0.0095423,1,0.0084375,0.99156,0.14093,1.3079,0.0005786,0.018294,0.017298,0.001012,0.00098616,17.153,15.063,1.3939e+07,1.3941e+07,0,0.18182,1.2059,0.81818,1,0.0902,0,0.15,0.0902
350,350,0.68401,0.038862,-0.055199,0.68142,-0.047412,-0.0094812,1,0.0084217,0.99158,0.14022,1.3036,0.0005786,0.018252,0.01731,0.0010069,0.00098289,17.176,15.093,1.3939e+07,1.3941e+07,0,0.18182,1.2041,0.81818,1,0.0904,0,0.15,0.0904
350,350,0.68464,0.039082,-0.055122,0.68206,-0.0472,-0.0094201,1,0.0084059,0.99159,0.1395,1.2992,0.0005786,0.018209,0.017322,0.0010017,0.00097962,17.198,15.124,1.3939e+07,1.3941e+07,0,0.18182,1.2024,0.81818,1,0.0906,0,0.15,0.0906
350,350,0.68509,0.03933,-0.055016,0.68252,-0.046961,-0.0093468,1,0.0083937,0.99161,0.13881,1.2953,0.0005786,0.018168,0.017331,0.0009968,0.00097662,17.221,15.155,1.3939e+07,1.3941e+07,0,0.18182,1.2008,0.81818,1,0.0908,0,0.15,0.0908
350,350,0.68542,0.039601,-0.054888,0.68286,-0.046701,-0.0092639,1,0.0083844,0.99162,0.13815,1.2916,0.0005786,0.018128,0.017336,0.00099203,0.00097383,17.245,15.188,1.3939e+07,1.3941e+07,0,0.18182,1.1993,0.81818,1,0.091,0,0.15,0.091
350,350,0.68574,0.039872,-0.05476,0.68319,-0.046441,-0.0091809,1,0.0083752,0.99162,0.13749,1.2879,0.0005786,0.018088,0.017341,0.00098727,0.00097104,17.269,15.221,1.3939e+07,1.3941e+07,0,0.18182,1.1979,0.81818,1,0.0912,0,0.15,0.0912
350,350,0.68606,0.040143,-0.054632,0.68353,-0.046181,-0.009098,1,0.0083659,0.99163,0.13682,1.2842,0.0005786,0.018048,0.017346,0.0009825,0.00096825,17.293,15.253,1.3939e+07,1.3941e+07,0,0.18182,1.1964,0.81818,1,0.0914,0,0.15,0.0914
350,350,0.68638,0.040413,-0.054504,0.68386,-0.045921,-0.009015,1,0.0083567,0.99164,0.13616,1.2805,0.0005786,0.018008,0.017351,0.00097773,0.00096547,17.318,15.286,1.3939e+07,1.3941e+07,0,0.18182,1.195,0.81818,1,0.0916,0,0.15,0.0916
350,350,0.68671,0.040684,-0.054376,0.68419,-0.045661,-0.0089321,1,0.0083474,0.99165,0.1355,1.2768,0.0005786,0.017968,0.017356,0.00097297,0.00096268,17.342,15.319,1.3939e+07,1.3941e+07,0,0.18182,1.1935,0.81818,1,0.0918,0,0.15,0.0918
350,350,0.68703,0.040955,-0.054248,0.68453,-0.045401,-0.0088491,1,0.0083381,0.99166,0.13483,1.2731,0.0005786,0.017928,0.017361,0.0009682,0.00095989,17.366,15.352,1.3939e+07,1.3941e+07,0,0.18182,1.192,0.81818,1,0.092,0,0.15,0.092
350,350,0.68735,0.041226,-0.054119,0.68486,-0.045141,-0.0087662,1,0.0083289,0.99167,0.13417,1.2694,0.0005786,0.017888,0.017367,0.00096343,0.0009571,17.39,15.384,1.3939e+07,1.3941e+07,0,0.18182,1.1906,0.81818,1,0.0922,0,0.15,0.0922
350,350,0.68767,0.041497,-0.053991,0.6852,-0.044881,-0.0086832,1,0.0083196,0.99168,0.1335,1.2657,0.0005786,0.017848,0.017372,0.00095867,0.00095431,17.414,15.417,1.3939e+07,1.3941e+07,0,0.18182,1.1891,0.81818,1,0.0924,0,0.15,0.0924
350,350,0.688,0.041768,-0.053863,0.68553,-0.044621,-0.0086003,1,0.0083104,0.99169,0.13284,1.262,0.0005786,0.017808,0.017377,0.0009539,0.00095153,17.438,15.45,1.3939e+07,1.3941e+07,0,0.18182,1.1877,0.81818,1,0.0926,0,0.15,0.0926
350,350,0.68832,0.042038,-0.053735,0.68586,-0.044361,-0.0085174,1,0.0083011,0.9917,0.13218,1.2583,0.0005786,0.017768,0.017382,0.00094914,0.00094874,17.462,15.483,1.3939e+07,1.3941e+07,0,0.18182,1.1862,0.81818,1,0.0928,0,0.15,0.0928
350,350,0.68864,0.042309,-0.053607,0.6862,-0.044101,-0.0084344,1,0.0082918,0.99171,0.13151,1.2546,0.0005786,0.017728,0.017387,0.00094437,0.00094595,17.486,15.515,1.3939e+07,1.3941e+07,0,0.18182,1.1848,0.81818,1,0.093,0,0.15,0.093
350,350,0.68896,0.04258,-0.053479,0.68653,-0.043841,-0.0083515,1,0.0082826,0.99172,0.13085,1.2509,0.0005786,0.017688,0.017392,0.0009396,0.00094316,17.51,15.548,1.3939e+07,1.3941e+07,0,0.18182,1.1833,0.81818,1,0.0932,0,0.15,0.0932
350,350,0.68929,0.042851,-0.053351,0.68687,-0.043581,-0.0082686,1,0.0082733,0.99173,0.13019,1.2472,0.0005786,0.017647,0.017397,0.00093484,0.00094037,17.534,15.581,1.3939e+07,1.3941e+07,0,0.18182,1.1819,0.81818,1,0.0934,0,0.15,0.0934
350,350,0.68961,0.043122,-0.053223,0.6872,-0.043321,-0.0081856,1,0.0082641,0.99174,0.12952,1.2435,0.0005786,0.017607,0.017402,0.00093007,0.00093759,17.558,15.614,1.3939e+07,1.3941e+07,0,0.18182,1.1804,0.81818,1,0.0936,0,0.15,0.0936
350,350,0.68993,0.043393,-0.053095,0.68753,-0.043061,-0.0081027,1,0.0082548,0.99175,0.12886,1.2398,0.0005786,0.017567,0.017408,0.0009253,0.0009348,17.583,15.646,1.3939e+07,1.3941e+07,0,0.18182,1.1789,0.81818,1,0.0938,0,0.15,0.0938
350,350,0.69025,0.043663,-0.052967,0.68787,-0.042801,-0.0080198,1,0.0082455,0.99175,0.12819,1.2361,0.0005786,0.017527,0.017413,0.00092054,0.00093201,17.607,15.679,1.3939e+07,1.3941e+07,0,0.18182,1.1775,0.81818,1,0.094,0,0.15,0.094
350,350,0.69058,0.043934,-0.052838,0.6882,-0.042541,-0.0079369,1,0.0082363,0.99176,0.12753,1.2324,0.0005786,0.017487,0.017418,0.00091577,0.00092922,17.631,15.712,1.3939e+07,1.3941e+07,0,0.18182,1.176,0.81818,1,0.0942,0,0.15,0.0942
350,350,0.6909,0.044205,-0.05271,0.68854,-0.042282,-0.007854,1,0.008227,0.99177,0.12687,1.2287,0.0005786,0.017447,0.017423,0.000911,0.00092644,17.655,15.745,1.3939e+07,1.3941e+07,0,0.18182,1.1746,0.81818,1,0.0944,0,0.15,0.0944
350,350,0.69122,0.044476,-0.052582,0.68887,-0.042022,-0.0077711,1,0.0082178,0.99178,0.1262,1.225,0.0005786,0.017407,0.017428,0.00090624,0.00092365,17.679,15.777,1.3939e+07,1.3941e+07,0,0.18182,1.1731,0.81818,1,0.0946,0,0.15,0.0946
350,350,0.69154,0.044747,-0.052454,0.68921,-0.041762,-0.0076882,1,0.0082085,0.99179,0.12554,1.2213,0.0005786,0.017367,0.017433,0.00090147,0.00092086,17.703,15.81,1.3939e+07,1.3941e+07,0,0.18182,1.1717,0.81818,1,0.0948,0,0.15,0.0948
350,350,0.69187,0.045018,-0.052326,0.68954,-0.041502,-0.0076053,1,0.0081992,0.9918,0.12488,1.2176,0.0005786,0.017327,0.017438,0.0008967,0.00091807,17.727,15.843,1.3939e+07,1.3941e+07,0,0.18182,1.1702,0.81818,1,0.095,0,0.15,0.095
350,350,0.69219,0.045288,-0.052198,0.68987,-0.041242,-0.0075223,1,0.00819,0.99181,0.12421,1.2139,0.0005786,0.017287,0.017443,0.00089194,0.00091528,17.751,15.876,1.3939e+07,1.3941e+07,0,0.18182,1.1688,0.81818,1,0.0952,0,0.15,0.0952
350,350,0.69251,0.045559,-0.05207,0.69021,-0.040982,-0.0074394,1,0.0081807,0.99182,0.12355,1.2102,0.0005786,0.017247,0.017448,0.00088717,0.0009125,17.775,15.908,1.3939e+07,1.3941e+07,0,0.18182,1.1673,0.81818,1,0.0954,0,0.15,0.0954
350,350,0.69283,0.04583,-0.051942,0.69054,-0.040722,-0.0073565,1,0.0081715,0.99183,0.12288,1.2065,0.0005786,0.017207,0.017454,0.00088241,0.00090971,17.799,15.941,1.3939e+07,1.3941e+07,0,0.18182,1.1659,0.81818,1,0.0956,0,0.15,0.0956
350,350,0.69316,0.046101,-0.051814,0.69088,-0.040462,-0.0072737,1,0.0081622,0.99184,0.12222,1.2028,0.0005786,0.017167,0.017459,0.00087764,0.00090692,17.823,15.974,1.3939e+07,1.3941e+07,0,0.18182,1.1644,0.81818,1,0.0958,0,0.15,0.0958
350,350,0.69348,0.046372,-0.051686,0.69121,-0.040202,-0.0071908,1,0.0081529,0.99185,0.12156,1.1991,0.0005786,0.017127,0.017464,0.00087287,0.00090413,17.848,16.007,1.3939e+07,1.3941e+07,0,0.18182,1.1629,0.81818,1,0.096,0,0.15,0.096
350,350,0.6938,0.046643,-0.051558,0.69154,-0.039942,-0.0071079,1,0.0081437,0.99186,0.12089,1.1954,0.0005786,0.017087,0.017469,0.00086811,0.00090134,17.872,16.039,1.3939e+07,1.3941e+07,0,0.18182,1.1615,0.81818,1,0.0962,0,0.15,0.0962
350,350,0.69412,0.046913,-0.05143,0.69188,-0.039682,-0.007025,1,0.0081344,0.99187,0.12023,1.1917,0.0005786,0.017047,0.017474,0.00086334,0.00089856,17.896,16.072,1.3939e+07,1.3941e+07,0,0.18182,1.16,0.81818,1,0.0964,0,0.15,0.0964
350,350,0.69445,0.047184,-0.051302,0.69221,-0.039422,-0.0069421,1,0.0081252,0.99187,0.11957,1.188,0.0005786,0.017007,0.017479,0.00085857,0.00089577,17.92,16.105,1.3939e+07,1.3941e+07,0,0.18182,1.1586,0.81818,1,0.0966,0,0.15,0.0966
350,350,0.69477,0.047455,-0.051174,0.69255,-0.039162,-0.0068592,1,0.0081159,0.99188,0.1189,1.1843,0.0005786,0.016967,0.017484,0.00085381,0.00089298,17.944,16.138,1.3939e+07,1.3941e+07,0,0.18182,1.1571,0.81818,1,0.0968,0,0.15,0.0968
350,350,0.69509,0.047726,-0.051045,0.69288,-0.038902,-0.0067763,1,0.0081066,0.99189,0.11824,1.1806,0.0005786,0.016927,0.017489,0.00084904,0.00089019,17.968,16.17,1.3939e+07,1.3941e+07,0,0.18182,1.1557,0.81818,1,0.097,0,0.15,0.097
350,350,0.69541,0.047997,-0.050917,0.69321,-0.038642,-0.0066935,1,0.0080974,0.9919,0.11757,1.1769,0.0005786,0.016887,0.017494,0.00084427,0.0008874,17.992,16.203,1.3939e+07,1.3941e+07,0,0.18182,1.1542,0.81818,1,0.0972,0,0.15,0.0972
350,350,0.69574,0.048268,-0.050789,0.69355,-0.038382,-0.0066106,1,0.0080881,0.99191,0.11691,1.1732,0.0005786,0.016847,0.0175,0.00083951,0.00088462,18.016,16.236,1.3939e+07,1.3941e+07,0,0.18182,1.1528,0.81818,1,0.0974,0,0.15,0.0974
350,350,0.69606,0.048538,-0.050661,0.69388,-0.038122,-0.0065277,1,0.0080789,0.99192,0.11625,1.1695,0.0005786,0.016807,0.017505,0.00083474,0.00088183,18.04,16.269,1.3939e+07,1.3941e+07,0,0.18182,1.1513,0.81818,1,0.0976,0,0.15,0.0976
350,350,0.69638,0.048809,-0.050533,0.69422,-0.037862,-0.0064449,1,0.0080696,0.99193,0.11558,1.1658,0.0005786,0.016767,0.01751,0.00082997,0.00087904,18.064,16.301,1.3939e+07,1.3941e+07,0,0.18182,1.1498,0.81818,1,0.0978,0,0.15,0.0978
350,350,0.6967,0.04908,-0.050405,0.69455,-0.037602,-0.006362,1,0.0080603,0.99194,0.11492,1.1621,0.0005786,0.016727,0.017515,0.00082521,0.00087625,18.088,16.334,1.3939e+07,1.3941e+07,0,0.18182,1.1484,0.81818,1,0.098,0,0.15,0.098
350,350,0.69703,0.049351,-0.050277,0.69489,-0.037342,-0.0062791,1,0.0080511,0.99195,0.11426,1.1584,0.0005786,0.016686,0.01752,0.00082044,0.00087346,18.113,16.367,1.3939e+07,1.3941e+07,0,0.18182,1.1469,0.81818,1,0.0982,0,0.15,0.0982
350,350,0.69735,0.049622,-0.050149,0.69522,-0.037082,-0.0061963,1,0.0080418,0.99196,0.11359,1.1548,0.0005786,0.016646,0.017525,0.00081567,0.00087068,18.137,16.4,1.3939e+07,1.3941e+07,0,0.18182,1.1455,0.81818,1,0.0984,0,0.15,0.0984
350,350,0.69767,0.049893,-0.050021,0.69555,-0.036822,-0.0061134,1,0.0080326,0.99197,0.11293,1.1511,0.0005786,0.016606,0.01753,0.00081091,0.00086789,18.161,16.432,1.3939e+07,1.3941e+07,0,0.18182,1.144,0.81818,1,0.0986,0,0.15,0.0986
350,350,0.69799,0.050163,-0.049893,0.69589,-0.036562,-0.0060306,1,0.0080233,0.99198,0.11226,1.1474,0.0005786,0.016566,0.017535,0.00080614,0.0008651,18.185,16.465,1.3939e+07,1.3941e+07,0,0.18182,1.1426,0.81818,1,0.0988,0,0.15,0.0988
350,350,0.69832,0.050434,-0.049765,0.69622,-0.036302,-0.0059477,1,0.008014,0.99199,0.1116,1.1437,0.0005786,0.016526,0.017541,0.00080137,0.00086231,18.209,16.498,1.3939e+07,1.3941e+07,0,0.18182,1.1411,0.81818,1,0.099,0,0.15,0.099
350,350,0.69864,0.050705,-0.049637,0.69656,-0.036042,-0.0058649,1,0.0080048,0.992,0.11094,1.14,0.0005786,0.016486,0.017546,0.00079661,0.00085952,18.233,16.531,1.3939e+07,1.3941e+07,0,0.18182,1.1397,0.81818,1,0.0992,0,0.15,0.0992
350,350,0.69896,0.050976,-0.049509,0.69689,-0.035782,-0.005782,1,0.0079955,0.992,0.11027,1.1363,0.0005786,0.016446,0.017551,0.00079184,0.00085674,18.257,16.563,1.3939e+07,1.3941e+07,0,0.18182,1.1382,0.81818,1,0.0994,0,0.15,0.0994
350,350,0.69928,0.051247,-0.049381,0.69722,-0.035522,-0.0056992,1,0.0079863,0.99201,0.10961,1.1326,0.0005786,0.016406,0.017556,0.00078707,0.00085395,18.281,16.596,1.3939e+07,1.3941e+07,0,0.18182,1.1368,0.81818,1,0.0996,0,0.15,0.0996
350,350,0.69961,0.051518,-0.049253,0.69756,-0.035262,-0.0056163,1,0.007977,0.99202,0.10894,1.1289,0.0005786,0.016366,0.017561,0.00078231,0.00085116,18.305,16.629,1.3939e+07,1.3941e+07,0,0.18182,1.1353,0.81818,1,0.0998,0,0.15,0.0998
350,350,0.69993,0.051788,-0.049125,0.69789,-0.035002,-0.0055335,1,0.0079677,0.99203,0.10828,1.1252,0.0005786,0.016326,0.017566,0.00077754,0.00084837,18.329,16.662,1.3939e+07,1.3941e+07,0,0.18182,1.1338,0.81818,1,0.1,0,0.15,0.1
350,350,0.70025,0.052059,-0.048997,0.69823,-0.034742,-0.0054506,1,0.0079585,0.99204,0.10762,1.1215,0.0005786,0.016286,0.017571,0.00077277,0.00084558,18.353,16.694,1.3939e+07,1.3941e+07,0,0.18182,1.1324,0.81818,1,0.1002,0,0.15,0.1002
350,350,0.70057,0.05233,-0.048869,0.69856,-0.034482,-0.0053678,1,0.0079492,0.99205,0.10695,1.1178,0.0005786,0.016246,0.017576,0.00076801,0.00084279,18.377,16.727,1.3939e+07,1.3941e+07,0,0.18182,1.1309,0.81818,1,0.1004,0,0.15,0.1004
350,350,0.7009,0.052601,-0.048741,0.69889,-0.034223,-0.005285,1,0.00794,0.99206,0.10629,1.1141,0.0005786,0.016206,0.017581,0.00076324,0.00084001,18.402,16.76,1.3939e+07,1.3941e+07,0,0.18182,1.1295,0.81818,1,0.1006,0,0.15,0.1006
350,350,0.7012,0.052871,-0.04861,0.69921,-0.033964,-0.0052011,1,0.0079309,0.99207,0.10564,1.1104,0.0005786,0.016166,0.017586,0.00075856,0.00083726,18.426,16.793,1.3939e+07,1.3941e+07,0,0.18182,1.128,0.81818,1,0.1008,0,0.15,0.1008
350,350,0.7012,0.053129,-0.04844,0.69922,-0.033719,-0.0051023,1,0.0079246,0.99208,0.10515,1.1075,0.0005786,0.016126,0.017585,0.00075507,0.00083508,18.449,16.827,1.3939e+07,1.3941e+07,0,0.18182,1.1266,0.81818,1,0.101,0,0.15,0.101
350,350,0.70121,0.053387,-0.04827,0.69924,-0.033474,-0.0050035,1,0.0079184,0.99208,0.10467,1.1046,0.0005786,0.016085,0.017584,0.00075158,0.0008329,18.472,16.862,1.3939e+07,1.3941e+07,0,0.18182,1.1251,0.81818,1,0.1012,0,0.15,0.1012
350,350,0.70122,0.053645,-0.0481,0.69926,-0.033229,-0.0049048,1,0.0079121,0.99209,0.10418,1.1018,0.0005786,0.016045,0.017582,0.0007481,0.00083071,18.496,16.896,1.3939e+07,1.3941e+07,0,0.18182,1.1237,0.81818,1,0.1014,0,0.15,0.1014
350,350,0.70122,0.053903,-0.04793,0.69928,-0.032984,-0.004806,1,0.0079059,0.99209,0.10369,1.0989,0.0005786,0.016005,0.017581,0.00074461,0.00082853,18.519,16.931,1.3939e+07,1.3941e+07,0,0.18182,1.1222,0.81818,1,0.1016,0,0.15,0.1016
350,350,0.70123,0.054161,-0.04776,0.69929,-0.032739,-0.0047072,1,0.0078996,0.9921,0.10321,1.096,0.0005786,0.015965,0.01758,0.00074112,0.00082635,18.542,16.965,1.3939e+07,1.3941e+07,0,0.18182,1.1208,0.81818,1,0.1018,0,0.15,0.1018
350,350,0.70124,0.054419,-0.04759,0.69931,-0.032494,-0.0046085,1,0.0078933,0.99211,0.10272,1.0931,0.0005786,0.015925,0.017579,0.00073763,0.00082417,18.566,17,1.3939e+07,1.3941e+07,0,0.18182,1.1193,0.81818,1,0.102,0,0.15,0.102
350,350,0.70124,0.054677,-0.04742,0.69933,-0.032249,-0.0045097,1,0.0078871,0.99211,0.10224,1.0902,0.0005786,0.015884,0.017578,0.00073414,0.00082199,18.589,17.035,1.3939e+07,1.3941e+07,0,0.18182,1.1178,0.81818,1,0.1022,0,0.15,0.1022
350,350,0.70125,0.054935,-0.04725,0.69934,-0.032004,-0.0044109,1,0.0078808,0.99212,0.10175,1.0873,0.0005786,0.015844,0.017576,0.00073065,0.0008198,18.612,17.069,1.3939e+07,1.3941e+07,0,0.18182,1.1164,0.81818,1,0.1024,0,0.15,0.1024
350,350,0.70126,0.055193,-0.04708,0.69936,-0.031759,-0.0043122,1,0.0078746,0.99213,0.10127,1.0844,0.0005786,0.015804,0.017575,0.00072717,0.00081762,18.636,17.104,1.3939e+07,1.3941e+07,0,0.18182,1.1149,0.81818,1,0.1026,0,0.15,0.1026
350,350,0.70126,0.055451,-0.04691,0.69938,-0.031514,-0.0042134,1,0.0078683,0.99213,0.10078,1.0815,0.0005786,0.015764,0.017574,0.00072368,0.00081544,18.659,17.138,1.3939e+07,1.3941e+07,0,0.18182,1.1135,0.81818,1,0.1028,0,0.15,0.1028
350,350,0.70127,0.055709,-0.04674,0.69939,-0.031269,-0.0041147,1,0.0078621,0.99214,0.10029,1.0786,0.0005786,0.015723,0.017573,0.00072019,0.00081326,18.682,17.173,1.3939e+07,1.3941e+07,0,0.18182,1.112,0.81818,1,0.103,0,0.15,0.103
350,350,0.70128,0.055967,-0.04657,0.69941,-0.031025,-0.0040159,1,0.0078558,0.99214,0.099809,1.0757,0.0005786,0.015683,0.017572,0.0007167,0.00081108,18.706,17.207,1.3939e+07,1.3941e+07,0,0.18182,1.1106,0.81818,1,0.1032,0,0.15,0.1032
350,350,0.70128,0.056226,-0.0464,0.69943,-0.03078,-0.0039172,1,0.0078495,0.99215,0.099323,1.0728,0.0005786,0.015643,0.01757,0.00071321,0.00080889,18.729,17.242,1.3939e+07,1.3941e+07,0,0.18182,1.1091,0.81818,1,0.1034,0,0.15,0.1034
350,350,0.70129,0.056484,-0.04623,0.69944,-0.030535,-0.0038185,1,0.0078433,0.99216,0.098837,1.0699,0.0005786,0.015603,0.017569,0.00070973,0.00080671,18.752,17.276,1.3939e+07,1.3941e+07,0,0.18182,1.1077,0.81818,1,0.1036,0,0.15,0.1036
350,350,0.7013,0.056742,-0.04606,0.69946,-0.03029,-0.0037197,1,0.007837,0.99216,0.098351,1.067,0.0005786,0.015562,0.017568,0.00070624,0.00080453,18.776,17.311,1.3939e+07,1.3941e+07,0,0.18182,1.1062,0.81818,1,0.1038,0,0.15,0.1038
350,350,0.7013,0.057,-0.045889,0.69948,-0.030045,-0.003621,1,0.0078308,0.99217,0.097866,1.0641,0.0005786,0.015522,0.017567,0.00070275,0.00080235,18.799,17.345,1.3939e+07,1.3941e+07,0,0.18182,1.1048,0.81818,1,0.104,0,0.15,0.104
350,350,0.70131,0.057258,-0.045719,0.69949,-0.0298,-0.0035223,1,0.0078245,0.99218,0.09738,1.0612,0.0005786,0.015482,0.017565,0.00069926,0.00080017,18.823,17.38,1.3939e+07,1.3941e+07,0,0.18182,1.1033,0.81818,1,0.1042,0,0.15,0.1042
350,350,0.70132,0.057516,-0.045549,0.69951,-0.029555,-0.0034235,1,0.0078182,0.99218,0.096894,1.0583,0.0005786,0.015442,0.017564,0.00069577,0.00079798,18.846,17.414,1.3939e+07,1.3941e+07,0,0.18182,1.1018,0.81818,1,0.1044,0,0.15,0.1044
350,350,0.70132,0.057774,-0.045379,0.69953,-0.02931,-0.0033248,1,0.007812,0.99219,0.096408,1.0554,0.0005786,0.015402,0.017563,0.00069228,0.0007958,18.869,17.449,1.3939e+07,1.3941e+07,0,0.18182,1.1004,0.81818,1,0.1046,0,0.15,0.1046
350,350,0.70133,0.058032,-0.045209,0.69955,-0.029065,-0.0032261,1,0.0078057,0.99219,0.095923,1.0526,0.0005786,0.015361,0.017562,0.0006888,0.00079362,18.893,17.483,1.3939e+07,1.3941e+07,0,0.18182,1.0989,0.81818,1,0.1048,0,0.15,0.1048
350,350,0.70133,0.05829,-0.045039,0.69956,-0.02882,-0.0031274,1,0.0077995,0.9922,0.095437,1.0497,0.0005786,0.015321,0.017561,0.00068531,0.00079144,18.916,17.518,1.3939e+07,1.3941e+07,0,0.18182,1.0975,0.81818,1,0.105,0,0.15,0.105
350,350,0.70134,0.058548,-0.044869,0.69958,-0.028575,-0.0030286,1,0.0077932,0.99221,0.094951,1.0468,0.0005786,0.015281,0.017559,0.00068182,0.00078926,18.939,17.552,1.3939e+07,1.3941e+07,0,0.18182,1.096,0.81818,1,0.1052,0,0.15,0.1052
350,350,0.70135,0.058806,-0.044699,0.6996,-0.02833,-0.0029299,1,0.0077869,0.99221,0.094465,1.0439,0.0005786,0.015241,0.017558,0.00067833,0.00078708,18.963,17.587,1.3939e+07,1.3941e+07,0,0.18182,1.0946,0.81818,1,0.1054,0,0.15,0.1054
350,350,0.70135,0.059064,-0.044529,0.69961,-0.028085,-0.0028312,1,0.0077807,0.99222,0.093979,1.041,0.0005786,0.0152,0.017557,0.00067484,0.00078489,18.986,17.622,1.3939e+07,1.3941e+07,0,0.18182,1.0931,0.81818,1,0.1056,0,0.15,0.1056
350,350,0.70136,0.059322,-0.044359,0.69963,-0.027841,-0.0027325,1,0.0077744,0.99223,0.093494,1.0381,0.0005786,0.01516,0.017556,0.00067136,0.00078271,19.009,17.656,1.3939e+07,1.3941e+07,0,0.18182,1.0917,0.81818,1,0.1058,0,0.15,0.1058
350,350,0.70137,0.05958,-0.044189,0.69965,-0.027596,-0.0026338,1,0.0077682,0.99223,0.093008,1.0352,0.0005786,0.01512,0.017555,0.00066787,0.00078053,19.033,17.691,1.3939e+07,1.3941e+07,0,0.18182,1.0902,0.81818,1,0.106,0,0.15,0.106
350,350,0.70137,0.059838,-0.044019,0.69966,-0.027351,-0.0025351,1,0.0077619,0.99224,0.092522,1.0323,0.0005786,0.01508,0.017553,0.00066438,0.00077835,19.056,17.725,1.3939e+07,1.3941e+07,0,0.18182,1.0887,0.81818,1,0.1062,0,0.15,0.1062
350,350,0.70138,0.060096,-0.043849,0.69968,-0.027106,-0.0024364,1,0.0077557,0.99224,0.092036,1.0294,0.0005786,0.015039,0.017552,0.00066089,0.00077617,19.079,17.76,1.3939e+07,1.3941e+07,0,0.18182,1.0873,0.81818,1,0.1064,0,0.15,0.1064
350,350,0.70139,0.060354,-0.043679,0.6997,-0.026861,-0.0023377,1,0.0077494,0.99225,0.091551,1.0265,0.0005786,0.014999,0.017551,0.0006574,0.00077398,19.103,17.794,1.3939e+07,1.3941e+07,0,0.18182,1.0858,0.81818,1,0.1066,0,0.15,0.1066
350,350,0.70139,0.060613,-0.043509,0.69971,-0.026616,-0.002239,1,0.0077431,0.99226,0.091065,1.0236,0.0005786,0.014959,0.01755,0.00065391,0.0007718,19.126,17.829,1.3939e+07,1.3941e+07,0,0.18182,1.0844,0.81818,1,0.1068,0,0.15,0.1068
350,350,0.7014,0.060871,-0.043339,0.69973,-0.026371,-0.0021403,1,0.0077369,0.99226,0.090579,1.0207,0.0005786,0.014919,0.017548,0.00065043,0.00076962,19.149,17.863,1.3939e+07,1.3941e+07,0,0.18182,1.0829,0.81818,1,0.107,0,0.15,0.107
350,350,0.70141,0.061129,-0.04317,0.69975,-0.026126,-0.0020417,1,0.0077306,0.99227,0.090093,1.0178,0.0005786,0.014878,0.017547,0.00064694,0.00076744,19.173,17.898,1.3939e+07,1.3941e+07,0,0.18182,1.0815,0.81818,1,0.1072,0,0.15,0.1072
350,350,0.70141,0.061387,-0.043,0.69976,-0.025881,-0.001943,1,0.0077244,0.99228,0.089608,1.0149,0.0005786,0.014838,0.017546,0.00064345,0.00076526,19.196,17.932,1.3939e+07,1.3941e+07,0,0.18182,1.08,0.81818,1,0.1074,0,0.15,0.1074
350,350,0.70142,0.061645,-0.04283,0.69978,-0.025636,-0.0018443,1,0.0077181,0.99228,0.089122,1.012,0.0005786,0.014798,0.017545,0.00063996,0.00076307,19.219,17.967,1.3939e+07,1.3941e+07,0,0.18182,1.0786,0.81818,1,0.1076,0,0.15,0.1076
350,350,0.70143,0.061903,-0.04266,0.6998,-0.025391,-0.0017456,1,0.0077118,0.99229,0.088636,1.0091,0.0005786,0.014758,0.017544,0.00063647,0.00076089,19.243,18.001,1.3939e+07,1.3941e+07,0,0.18182,1.0771,0.81819,1,0.1078,0,0.15,0.1078
350,350,0.70143,0.062161,-0.04249,0.69982,-0.025146,-0.001647,1,0.0077056,0.99229,0.08815,1.0063,0.0005786,0.014718,0.017542,0.00063298,0.00075871,19.266,18.036,1.3939e+07,1.3941e+07,0,0.18182,1.0757,0.81819,1,0.108,0,0.15,0.108
350,350,0.70144,0.062419,-0.04232,0.69983,-0.024901,-0.0015483,1,0.0076993,0.9923,0.087664,1.0034,0.0005786,0.014677,0.017541,0.0006295,0.00075653,19.29,18.07,1.3939e+07,1.3941e+07,0,0.18182,1.0742,0.81819,1,0.1082,0,0.15,0.1082
350,350,0.70145,0.062677,-0.04215,0.69985,-0.024656,-0.0014496,1,0.0076931,0.99231,0.087179,1.0005,0.0005786,0.014637,0.01754,0.00062601,0.00075435,19.313,18.105,1.3939e+07,1.3941e+07,0,0.18182,1.0727,0.81819,1,0.1084,0,0.15,0.1084
350,350,0.70145,0.062935,-0.04198,0.69987,-0.024412,-0.001351,1,0.0076868,0.99231,0.086693,0.99757,0.0005786,0.014597,0.017539,0.00062252,0.00075216,19.336,18.14,1.3939e+07,1.3941e+07,0,0.18182,1.0713,0.81819,1,0.1086,0,0.15,0.1086
350,350,0.70146,0.063193,-0.04181,0.69988,-0.024167,-0.0012523,1,0.0076806,0.99232,0.086207,0.99468,0.0005786,0.014557,0.017538,0.00061903,0.00074998,19.36,18.174,1.3939e+07,1.3941e+07,0,0.18181,1.0698,0.81819,1,0.1088,0,0.15,0.1088
350,350,0.70147,0.063451,-0.04164,0.6999,-0.023922,-0.0011536,1,0.0076743,0.99233,0.085721,0.99179,0.0005786,0.014516,0.017536,0.00061554,0.0007478,19.383,18.209,1.3939e+07,1.3941e+07,0,0.18181,1.0684,0.81819,1,0.109,0,0.15,0.109
350,350,0.70147,0.063709,-0.04147,0.69992,-0.023677,-0.001055,1,0.007668,0.99233,0.085236,0.98889,0.0005786,0.014476,0.017535,0.00061205,0.00074562,19.406,18.243,1.3939e+07,1.3941e+07,0,0.18181,1.0669,0.81819,1,0.1092,0,0.15,0.1092
350,350,0.70148,0.063967,-0.0413,0.69993,-0.023432,-0.00095633,1,0.0076618,0.99234,0.08475,0.986,0.0005786,0.014436,0.017534,0.00060857,0.00074344,19.43,18.278,1.3939e+07,1.3941e+07,0,0.18181,1.0655,0.81819,1,0.1094,0,0.15,0.1094
350,350,0.70148,0.064226,-0.04113,0.69995,-0.023187,-0.00085769,1,0.0076555,0.99234,0.084264,0.9831,0.0005786,0.014396,0.017533,0.00060508,0.00074125,19.453,18.312,1.3939e+07,1.3941e+07,0,0.18181,1.064,0.81819,1,0.1096,0,0.15,0.1096
350,350,0.70149,0.064484,-0.04096,0.69997,-0.022942,-0.00075904,1,0.0076493,0.99235,0.083778,0.98021,0.0005786,0.014355,0.017531,0.00060159,0.00073907,19.476,18.347,1.3939e+07,1.3941e+07,0,0.18181,1.0626,0.81819,1,0.1098,0,0.15,0.1098
350,350,0.7015,0.064742,-0.04079,0.69998,-0.022697,-0.0006604,1,0.007643,0.99236,0.083292,0.97732,0.0005786,0.014315,0.01753,0.0005981,0.00073689,19.5,18.381,1.3939e+07,1.3941e+07,0,0.18181,1.0611,0.81819,1,0.11,0,0.15,0.11
350,350,0.7015,0.065,-0.04062,0.7,-0.022452,-0.00056176,1,0.0076367,0.99236,0.082807,0.97442,0.0005786,0.014275,0.017529,0.00059461,0.00073471,19.523,18.416,1.3939e+07,1.3941e+07,0,0.18181,1.0597,0.81819,1,0.1102,0,0.15,0.1102
350,350,0.70151,0.065258,-0.04045,0.70002,-0.022207,-0.00046313,1,0.0076305,0.99237,0.082321,0.97153,0.0005786,0.014235,0.017528,0.00059112,0.00073253,19.546,18.45,1.3939e+07,1.3941e+07,0,0.18181,1.0582,0.81819,1,0.1104,0,0.15,0.1104
350,350,0.70152,0.065516,-0.04028,0.70004,-0.021962,-0.0003645,1,0.0076242,0.99238,0.081835,0.96863,0.0005786,0.014194,0.017527,0.00058764,0.00073034,19.57,18.485,1.3939e+07,1.3941e+07,0,0.18181,1.0567,0.81819,1,0.1106,0,0.15,0.1106
350,350,0.70152,0.065774,-0.040111,0.70005,-0.021717,-0.00026587,1,0.007618,0.99238,0.081349,0.96574,0.0005786,0.014154,0.017525,0.00058415,0.00072816,19.593,18.519,1.3939e+07,1.3941e+07,0,0.18181,1.0553,0.81819,1,0.1108,0,0.15,0.1108
350,350,0.70135,0.065949,-0.039919,0.69989,-0.021555,-0.0001576,1,0.0076123,0.99239,0.080931,0.96317,0.0005786,0.014114,0.017522,0.00058114,0.00072622,19.614,18.555,1.3939e+07,1.3941e+07,0,0.18181,1.0541,0.81819,1,0.111,0,0.15,0.111
350,350,0.70104,0.066064,-0.039711,0.69959,-0.021453,-4.2279e-05,1,0.0076071,0.99239,0.080561,0.96083,0.0005786,0.014075,0.017516,0.00057848,0.00072446,19.633,18.591,1.3939e+07,1.3941e+07,0,0.18181,1.053,0.81819,1,0.1112,0,0.15,0.1112
350,350,0.70073,0.066179,-0.039503,0.6993,-0.021351,7.303e-05,1,0.0076019,0.9924,0.080191,0.95849,0.0005786,0.014035,0.017511,0.00057583,0.0007227,19.653,18.627,1.3939e+07,1.3941e+07,0,0.18181,1.052,0.81819,1,0.1114,0,0.15,0.1114
350,350,0.70042,0.066294,-0.039295,0.699,-0.021248,0.00018834,1,0.0075966,0.9924,0.079821,0.95616,0.0005786,0.013996,0.017506,0.00057317,0.00072094,19.672,18.663,1.3939e+07,1.3941e+07,0,0.18181,1.051,0.81819,1,0.1116,0,0.15,0.1116
350,350,0.70011,0.066409,-0.039087,0.6987,-0.021146,0.00030364,1,0.0075914,0.99241,0.079451,0.95382,0.0005786,0.013957,0.0175,0.00057051,0.00071918,19.691,18.699,1.3939e+07,1.3941e+07,0,0.18181,1.05,0.81819,1,0.1118,0,0.15,0.1118
350,350,0.6998,0.066524,-0.038879,0.69841,-0.021044,0.00041895,1,0.0075862,0.99241,0.079081,0.95148,0.0005786,0.013917,0.017495,0.00056786,0.00071741,19.71,18.735,1.3939e+07,1.3941e+07,0,0.18181,1.0489,0.81819,1,0.112,0,0.15,0.112
350,350,0.6995,0.066639,-0.038671,0.69811,-0.020942,0.00053425,1,0.0075809,0.99242,0.078711,0.94915,0.0005786,0.013878,0.01749,0.0005652,0.00071565,19.73,18.771,1.3939e+07,1.3941e+07,0,0.18181,1.0479,0.81819,1,0.1122,0,0.15,0.1122
350,350,0.69919,0.066754,-0.038463,0.69781,-0.02084,0.00064955,1,0.0075757,0.99242,0.078341,0.94681,0.0005786,0.013838,0.017484,0.00056254,0.00071389,19.749,18.807,1.3939e+07,1.3941e+07,0,0.18181,1.0469,0.81819,1,0.1124,0,0.15,0.1124
350,350,0.69888,0.066868,-0.038255,0.69752,-0.020738,0.00076484,1,0.0075705,0.99243,0.077971,0.94447,0.0005786,0.013799,0.017479,0.00055989,0.00071213,19.768,18.843,1.3939e+07,1.3941e+07,0,0.18181,1.0458,0.81819,1,0.1126,0,0.15,0.1126
350,350,0.69857,0.066983,-0.038048,0.69722,-0.020636,0.00088013,1,0.0075653,0.99243,0.077601,0.94214,0.0005786,0.013759,0.017474,0.00055723,0.00071037,19.787,18.879,1.3939e+07,1.3941e+07,0,0.18181,1.0448,0.81819,1,0.1128,0,0.15,0.1128
350,350,0.69826,0.067098,-0.03784,0.69693,-0.020534,0.00099541,1,0.00756,0.99244,0.077231,0.9398,0.0005786,0.01372,0.017468,0.00055458,0.0007086,19.807,18.915,1.3939e+07,1.3941e+07,0,0.18181,1.0438,0.81819,1,0.113,0,0.15,0.113
350,350,0.69795,0.067213,-0.037632,0.69663,-0.020431,0.0011107,1,0.0075548,0.99245,0.076861,0.93746,0.0005786,0.01368,0.017463,0.00055192,0.00070684,19.826,18.951,1.3939e+07,1.3941e+07,0,0.18181,1.0427,0.81819,1,0.1132,0,0.15,0.1132
350,350,0.69764,0.067328,-0.037424,0.69633,-0.020329,0.001226,1,0.0075496,0.99245,0.076491,0.93513,0.0005786,0.013641,0.017458,0.00054926,0.00070508,19.845,18.987,1.3939e+07,1.3941e+07,0,0.18181,1.0417,0.81819,1,0.1134,0,0.15,0.1134
350,350,0.69734,0.067443,-0.037216,0.69604,-0.020227,0.0013413,1,0.0075443,0.99246,0.076121,0.93279,0.0005786,0.013601,0.017452,0.00054661,0.00070332,19.865,19.023,1.3939e+07,1.3941e+07,0,0.18181,1.0407,0.81819,1,0.1136,0,0.15,0.1136
350,350,0.69703,0.067558,-0.037008,0.69574,-0.020125,0.0014565,1,0.0075391,0.99246,0.075751,0.93045,0.0005786,0.013562,0.017447,0.00054395,0.00070156,19.884,19.059,1.3939e+07,1.3941e+07,0,0.18181,1.0397,0.81819,1,0.1138,0,0.15,0.1138
350,350,0.69672,0.067673,-0.0368,0.69544,-0.020023,0.0015718,1,0.0075339,0.99247,0.075381,0.92812,0.0005786,0.013522,0.017442,0.00054129,0.0006998,19.903,19.095,1.3939e+07,1.3941e+07,0,0.18181,1.0386,0.81819,1,0.114,0,0.15,0.114
350,350,0.69641,0.067788,-0.036593,0.69515,-0.019921,0.0016871,1,0.0075287,0.99247,0.075011,0.92578,0.0005786,0.013483,0.017436,0.00053864,0.00069803,19.922,19.131,1.3939e+07,1.3941e+07,0,0.18181,1.0376,0.81819,1,0.1142,0,0.15,0.1142
350,350,0.6961,0.067902,-0.036385,0.69485,-0.019819,0.0018023,1,0.0075234,0.99248,0.074641,0.92344,0.0005786,0.013443,0.017431,0.00053598,0.00069627,19.942,19.167,1.3939e+07,1.3941e+07,0,0.18181,1.0366,0.81819,1,0.1144,0,0.15,0.1144
350,350,0.69579,0.068017,-0.036177,0.69456,-0.019717,0.0019176,1,0.0075182,0.99248,0.074271,0.92111,0.0005786,0.013404,0.017426,0.00053332,0.00069451,19.961,19.203,1.3939e+07,1.3941e+07,0,0.18181,1.0355,0.81819,1,0.1146,0,0.15,0.1146
350,350,0.69548,0.068132,-0.035969,0.69426,-0.019615,0.0020329,1,0.007513,0.99249,0.073902,0.91877,0.0005786,0.013364,0.01742,0.00053067,0.00069275,19.98,19.239,1.3939e+07,1.3941e+07,0,0.18181,1.0345,0.81819,1,0.1148,0,0.15,0.1148
350,350,0.69517,0.068247,-0.035761,0.69396,-0.019512,0.0021481,1,0.0075078,0.99249,0.073532,0.91644,0.0005786,0.013325,0.017415,0.00052801,0.00069099,19.999,19.275,1.3939e+07,1.3941e+07,0,0.18181,1.0335,0.81819,1,0.115,0,0.15,0.115
350,350,0.69487,0.068362,-0.035553,0.69367,-0.01941,0.0022634,1,0.0075025,0.9925,0.073162,0.9141,0.0005786,0.013285,0.017409,0.00052535,0.00068922,20.019,19.311,1.3939e+07,1.3941e+07,0,0.18181,1.0324,0.81819,1,0.1152,0,0.15,0.1152
350,350,0.69456,0.068477,-0.035345,0.69337,-0.019308,0.0023786,1,0.0074973,0.9925,0.072792,0.91176,0.0005786,0.013246,0.017404,0.0005227,0.00068746,20.038,19.347,1.3939e+07,1.3941e+07,0,0.18181,1.0314,0.81819,1,0.1154,0,0.15,0.1154
350,350,0.69425,0.068592,-0.035138,0.69308,-0.019206,0.0024939,1,0.0074921,0.99251,0.072422,0.90943,0.0005786,0.013207,0.017399,0.00052004,0.0006857,20.057,19.383,1.3939e+07,1.3941e+07,0,0.18181,1.0304,0.81819,1,0.1156,0,0.15,0.1156
350,350,0.69394,0.068707,-0.03493,0.69278,-0.019104,0.0026091,1,0.0074868,0.99251,0.072052,0.90709,0.0005786,0.013167,0.017393,0.00051738,0.00068394,20.077,19.42,1.3939e+07,1.3941e+07,0,0.18181,1.0294,0.81819,1,0.1158,0,0.15,0.1158
350,350,0.69363,0.068822,-0.034722,0.69248,-0.019002,0.0027244,1,0.0074816,0.99252,0.071682,0.90475,0.0005786,0.013128,0.017388,0.00051473,0.00068218,20.096,19.456,1.3939e+07,1.3941e+07,0,0.18181,1.0283,0.81819,1,0.116,0,0.15,0.116
350,350,0.69332,0.068936,-0.034514,0.69219,-0.0189,0.0028396,1,0.0074764,0.99252,0.071312,0.90242,0.0005786,0.013088,0.017383,0.00051207,0.00068042,20.115,19.492,1.3939e+07,1.3941e+07,0,0.18181,1.0273,0.81819,1,0.1162,0,0.15,0.1162
350,350,0.69301,0.069051,-0.034306,0.69189,-0.018798,0.0029548,1,0.0074712,0.99253,0.070942,0.90008,0.0005786,0.013049,0.017377,0.00050941,0.00067865,20.134,19.528,1.3939e+07,1.3941e+07,0,0.18181,1.0263,0.81819,1,0.1164,0,0.15,0.1164
350,350,0.6927,0.069166,-0.034098,0.69159,-0.018695,0.0030701,1,0.0074659,0.99253,0.070572,0.89774,0.0005786,0.013009,0.017372,0.00050676,0.00067689,20.154,19.564,1.3939e+07,1.3941e+07,0,0.18181,1.0252,0.81819,1,0.1166,0,0.15,0.1166
350,350,0.6924,0.069281,-0.033891,0.6913,-0.018593,0.0031853,1,0.0074607,0.99254,0.070202,0.89541,0.0005786,0.01297,0.017367,0.0005041,0.00067513,20.173,19.6,1.3939e+07,1.3941e+07,0,0.18181,1.0242,0.81819,1,0.1168,0,0.15,0.1168
350,350,0.69209,0.069396,-0.033683,0.691,-0.018491,0.0033005,1,0.0074555,0.99254,0.069832,0.89307,0.0005786,0.01293,0.017361,0.00050144,0.00067337,20.192,19.636,1.3939e+07,1.3941e+07,0,0.18181,1.0232,0.81819,1,0.117,0,0.15,0.117
350,350,0.69178,0.069511,-0.033475,0.69071,-0.018389,0.0034157,1,0.0074502,0.99255,0.069462,0.89073,0.0005786,0.012891,0.017356,0.00049879,0.00067161,20.211,19.672,1.3939e+07,1.3941e+07,0,0.18181,1.0221,0.81819,1,0.1172,0,0.15,0.1172
350,350,0.69147,0.069626,-0.033267,0.69041,-0.018287,0.003531,1,0.007445,0.99255,0.069092,0.8884,0.0005786,0.012851,0.017351,0.00049613,0.00066985,20.231,19.708,1.3939e+07,1.3941e+07,0,0.18181,1.0211,0.81819,1,0.1174,0,0.15,0.1174
350,350,0.69116,0.069741,-0.033059,0.69011,-0.018185,0.0036462,1,0.0074398,0.99256,0.068722,0.88606,0.0005786,0.012812,0.017345,0.00049348,0.00066808,20.25,19.744,1.3939e+07,1.3941e+07,0,0.18181,1.0201,0.81819,1,0.1176,0,0.15,0.1176
350,350,0.69085,0.069856,-0.032852,0.68982,-0.018083,0.0037614,1,0.0074346,0.99257,0.068352,0.88372,0.0005786,0.012772,0.01734,0.00049082,0.00066632,20.269,19.78,1.3939e+07,1.3941e+07,0,0.18181,1.019,0.81819,1,0.1178,0,0.15,0.1178
350,350,0.69054,0.069971,-0.032644,0.68952,-0.017981,0.0038766,1,0.0074293,0.99257,0.067982,0.88139,0.0005786,0.012733,0.017335,0.00048816,0.00066456,20.289,19.816,1.3939e+07,1.3941e+07,0,0.18181,1.018,0.81819,1,0.118,0,0.15,0.118
350,350,0.69023,0.070085,-0.032436,0.68922,-0.017878,0.0039918,1,0.0074241,0.99258,0.067612,0.87905,0.0005786,0.012693,0.017329,0.00048551,0.0006628,20.308,19.852,1.3939e+07,1.3941e+07,0,0.18181,1.017,0.81819,1,0.1182,0,0.15,0.1182
350,350,0.68993,0.0702,-0.032228,0.68893,-0.017776,0.004107,1,0.0074189,0.99258,0.067243,0.87671,0.0005786,0.012654,0.017324,0.00048285,0.00066104,20.327,19.888,1.3939e+07,1.3941e+07,0,0.18181,1.016,0.81819,1,0.1184,0,0.15,0.1184
350,350,0.68962,0.070315,-0.03202,0.68863,-0.017674,0.0042222,1,0.0074137,0.99259,0.066873,0.87438,0.0005786,0.012614,0.017319,0.00048019,0.00065928,20.346,19.924,1.3939e+07,1.3941e+07,0,0.18181,1.0149,0.81819,1,0.1186,0,0.15,0.1186
350,350,0.68931,0.07043,-0.031813,0.68834,-0.017572,0.0043374,1,0.0074084,0.99259,0.066503,0.87204,0.0005786,0.012575,0.017313,0.00047754,0.00065751,20.366,19.96,1.3939e+07,1.3941e+07,0,0.18181,1.0139,0.81819,1,0.1188,0,0.15,0.1188
350,350,0.689,0.070545,-0.031605,0.68804,-0.01747,0.0044526,1,0.0074032,0.9926,0.066133,0.8697,0.0005786,0.012535,0.017308,0.00047488,0.00065575,20.385,19.996,1.3939e+07,1.3941e+07,0,0.18181,1.0129,0.81819,1,0.119,0,0.15,0.119
350,350,0.68869,0.07066,-0.031397,0.68774,-0.017368,0.0045678,1,0.007398,0.9926,0.065763,0.86737,0.0005786,0.012496,0.017303,0.00047222,0.00065399,20.404,20.032,1.3939e+07,1.3941e+07,0,0.18181,1.0118,0.81819,1,0.1192,0,0.15,0.1192
350,350,0.68838,0.070775,-0.031189,0.68745,-0.017266,0.004683,1,0.0073927,0.99261,0.065393,0.86503,0.0005786,0.012457,0.017297,0.00046957,0.00065223,20.423,20.068,1.3939e+07,1.3941e+07,0,0.18181,1.0108,0.81819,1,0.1194,0,0.15,0.1194
350,350,0.68807,0.07089,-0.030982,0.68715,-0.017164,0.0047982,1,0.0073875,0.99261,0.065023,0.8627,0.0005786,0.012417,0.017292,0.00046691,0.00065047,20.443,20.104,1.3939e+07,1.3941e+07,0,0.18181,1.0098,0.81819,1,0.1196,0,0.15,0.1196
350,350,0.68777,0.071005,-0.030774,0.68685,-0.017061,0.0049134,1,0.0073823,0.99262,0.064653,0.86036,0.0005786,0.012378,0.017287,0.00046425,0.00064871,20.462,20.14,1.3939e+07,1.3941e+07,0,0.18181,1.0087,0.81819,1,0.1198,0,0.15,0.1198
350,350,0.68746,0.071119,-0.030566,0.68656,-0.016959,0.0050285,1,0.0073771,0.99262,0.064283,0.85802,0.0005786,0.012338,0.017281,0.0004616,0.00064694,20.481,20.176,1.3939e+07,1.3941e+07,0,0.18181,1.0077,0.81819,1,0.12,0,0.15,0.12
350,350,0.68715,0.071234,-0.030358,0.68626,-0.016857,0.0051437,1,0.0073718,0.99263,0.063913,0.85569,0.0005786,0.012299,0.017276,0.00045894,0.00064518,20.5,20.212,1.3939e+07,1.3941e+07,0,0.18181,1.0067,0.81819,1,0.1202,0,0.15,0.1202
350,350,0.68684,0.071349,-0.03015,0.68597,-0.016755,0.0052589,1,0.0073666,0.99263,0.063543,0.85335,0.0005786,0.012259,0.017271,0.00045628,0.00064342,20.52,20.248,1.3939e+07,1.3941e+07,0,0.18181,1.0057,0.81819,1,0.1204,0,0.15,0.1204
350,350,0.68653,0.071464,-0.029943,0.68567,-0.016653,0.0053741,1,0.0073614,0.99264,0.063173,0.85101,0.0005786,0.01222,0.017265,0.00045363,0.00064166,20.539,20.284,1.3939e+07,1.3941e+07,0,0.18181,1.0046,0.81819,1,0.1206,0,0.15,0.1206
350,350,0.68622,0.071579,-0.029735,0.68537,-0.016551,0.0054892,1,0.0073562,0.99264,0.062803,0.84868,0.0005786,0.01218,0.01726,0.00045097,0.0006399,20.558,20.32,1.3939e+07,1.3941e+07,0,0.18181,1.0036,0.81819,1,0.1208,0,0.15,0.1208
350,350,0.68588,0.07167,-0.029524,0.68504,-0.016472,0.0056056,1,0.0073509,0.99265,0.062446,0.84643,0.0005786,0.012141,0.017254,0.00044841,0.0006382,20.576,20.356,1.3939e+07,1.3941e+07,0,0.18181,1.0027,0.81819,1,0.121,0,0.15,0.121
350,350,0.68528,0.071591,-0.029291,0.68445,-0.016561,0.0057304,1,0.0073459,0.99265,0.062186,0.84482,0.0005786,0.012104,0.017243,0.00044654,0.00063699,20.585,20.385,1.3939e+07,1.3941e+07,0,0.18181,1.0024,0.81819,1,0.1212,0,0.15,0.1212
350,350,0.68468,0.071513,-0.029058,0.68386,-0.016651,0.0058553,1,0.0073408,0.99266,0.061925,0.84321,0.0005786,0.012066,0.017232,0.00044467,0.00063577,20.593,20.415,1.3939e+07,1.3941e+07,0,0.18181,1.0021,0.81819,1,0.1214,0,0.15,0.1214
350,350,0.68408,0.071434,-0.028825,0.68328,-0.01674,0.0059802,1,0.0073357,0.99266,0.061664,0.8416,0.0005786,0.012029,0.017221,0.00044279,0.00063456,20.602,20.444,1.3939e+07,1.3941e+07,0,0.18181,1.0018,0.81819,1,0.1216,0,0.15,0.1216
350,350,0.68348,0.071355,-0.028592,0.68269,-0.01683,0.006105,1,0.0073307,0.99267,0.061404,0.83999,0.0005786,0.011992,0.01721,0.00044092,0.00063335,20.61,20.474,1.3939e+07,1.3941e+07,0,0.18181,1.0016,0.81819,1,0.1218,0,0.15,0.1218
350,350,0.68288,0.071276,-0.028359,0.6821,-0.016919,0.0062299,1,0.0073256,0.99267,0.061143,0.83838,0.0005786,0.011955,0.017199,0.00043905,0.00063213,20.619,20.504,1.3939e+07,1.3941e+07,0,0.18181,1.0013,0.81819,1,0.122,0,0.15,0.122
350,350,0.68228,0.071197,-0.028126,0.68151,-0.017009,0.0063548,1,0.0073205,0.99268,0.060882,0.83677,0.0005786,0.011917,0.017189,0.00043718,0.00063092,20.627,20.533,1.3939e+07,1.3941e+07,0,0.18181,1.001,0.81819,1,0.1222,0,0.15,0.1222
350,350,0.68168,0.071118,-0.027893,0.68092,-0.017098,0.0064796,1,0.0073155,0.99268,0.060622,0.83516,0.0005786,0.01188,0.017178,0.00043531,0.00062971,20.636,20.563,1.3939e+07,1.3941e+07,0,0.18181,1.0008,0.81819,1,0.1224,0,0.15,0.1224
350,350,0.68108,0.071039,-0.02766,0.68033,-0.017188,0.0066045,1,0.0073104,0.99269,0.060361,0.83355,0.0005786,0.011843,0.017167,0.00043343,0.00062849,20.644,20.592,1.3939e+07,1.3941e+07,0,0.18181,1.0005,0.81819,1,0.1226,0,0.15,0.1226
350,350,0.68048,0.07096,-0.027427,0.67974,-0.017277,0.0067293,1,0.0073053,0.99269,0.0601,0.83194,0.0005786,0.011805,0.017156,0.00043156,0.00062728,20.653,20.622,1.3939e+07,1.3941e+07,0,0.18181,1.0002,0.81819,1,0.1228,0,0.15,0.1228
350,350,0.67988,0.070881,-0.027194,0.67915,-0.017366,0.0068542,1,0.0073003,0.9927,0.05984,0.83033,0.0005786,0.011768,0.017145,0.00042969,0.00062606,20.661,20.652,1.3939e+07,1.3941e+07,0,0.18181,0.99994,0.81819,1,0.123,0,0.15,0.123
350,350,0.67928,0.070802,-0.026962,0.67856,-0.017456,0.006979,1,0.0072952,0.9927,0.059579,0.82872,0.0005786,0.011731,0.017134,0.00042782,0.00062485,20.67,20.681,1.3939e+07,1.3941e+07,0,0.18181,0.99967,0.81819,1,0.1232,0,0.15,0.1232
350,350,0.67868,0.070723,-0.026729,0.67798,-0.017545,0.0071039,1,0.0072901,0.99271,0.059318,0.82711,0.0005786,0.011694,0.017123,0.00042595,0.00062364,20.678,20.711,1.3939e+07,1.3941e+07,0,0.18181,0.9994,0.81819,1,0.1234,0,0.15,0.1234
350,350,0.67807,0.070644,-0.026496,0.67739,-0.017635,0.0072287,1,0.0072851,0.99271,0.059058,0.8255,0.0005786,0.011656,0.017113,0.00042407,0.00062242,20.687,20.741,1.3939e+07,1.3941e+07,0,0.18181,0.99913,0.81819,1,0.1236,0,0.15,0.1236
350,350,0.67747,0.070565,-0.026263,0.6768,-0.017724,0.0073535,1,0.00728,0.99272,0.058797,0.82389,0.0005786,0.011619,0.017102,0.0004222,0.00062121,20.695,20.77,1.3939e+07,1.3941e+07,0,0.18181,0.99885,0.81819,1,0.1238,0,0.15,0.1238
350,350,0.67687,0.070486,-0.02603,0.67621,-0.017814,0.0074784,1,0.0072749,0.99273,0.058536,0.82228,0.0005786,0.011582,0.017091,0.00042033,0.00062,20.704,20.8,1.3939e+07,1.3941e+07,0,0.18181,0.99858,0.81819,1,0.124,0,0.15,0.124
350,350,0.67627,0.070407,-0.025797,0.67562,-0.017903,0.0076032,1,0.0072698,0.99273,0.058275,0.82067,0.0005786,0.011544,0.01708,0.00041846,0.00061878,20.712,20.829,1.3939e+07,1.3941e+07,0,0.18181,0.99831,0.81819,1,0.1242,0,0.15,0.1242
350,350,0.67567,0.070328,-0.025564,0.67503,-0.017993,0.007728,1,0.0072648,0.99274,0.058015,0.81906,0.0005786,0.011507,0.017069,0.00041659,0.00061757,20.721,20.859,1.3939e+07,1.3941e+07,0,0.18181,0.99804,0.81819,1,0.1244,0,0.15,0.1244
350,350,0.67507,0.070249,-0.025331,0.67444,-0.018082,0.0078529,1,0.0072597,0.99274,0.057754,0.81745,0.0005786,0.01147,0.017058,0.00041471,0.00061635,20.729,20.889,1.3939e+07,1.3941e+07,0,0.18181,0.99777,0.81819,1,0.1246,0,0.15,0.1246
350,350,0.67447,0.07017,-0.025098,0.67385,-0.018172,0.0079777,1,0.0072546,0.99275,0.057493,0.81584,0.0005786,0.011433,0.017047,0.00041284,0.00061514,20.738,20.918,1.3939e+07,1.3941e+07,0,0.18181,0.9975,0.81819,1,0.1248,0,0.15,0.1248
350,350,0.67387,0.070091,-0.024865,0.67326,-0.018261,0.0081025,1,0.0072496,0.99275,0.057233,0.81423,0.0005786,0.011395,0.017037,0.00041097,0.00061393,20.746,20.948,1.3939e+07,1.3941e+07,0,0.18181,0.99723,0.81819,1,0.125,0,0.15,0.125
350,350,0.67327,0.070012,-0.024632,0.67268,-0.018351,0.0082273,1,0.0072445,0.99276,0.056972,0.81262,0.0005786,0.011358,0.017026,0.0004091,0.00061271,20.755,20.977,1.3939e+07,1.3941e+07,0,0.18181,0.99696,0.81819,1,0.1252,0,0.15,0.1252
350,350,0.67267,0.069933,-0.024399,0.67209,-0.01844,0.0083521,1,0.0072394,0.99276,0.056711,0.81101,0.0005786,0.011321,0.017015,0.00040723,0.0006115,20.763,21.007,1.3939e+07,1.3941e+07,0,0.18181,0.99668,0.81819,1,0.1254,0,0.15,0.1254
350,350,0.67207,0.069854,-0.024166,0.6715,-0.01853,0.0084769,1,0.0072344,0.99277,0.056451,0.8094,0.0005786,0.011283,0.017004,0.00040536,0.00061028,20.772,21.037,1.3939e+07,1.3941e+07,0,0.18181,0.99641,0.81819,1,0.1256,0,0.15,0.1256
350,350,0.67147,0.069775,-0.023933,0.67091,-0.018619,0.0086018,1,0.0072293,0.99277,0.05619,0.80779,0.0005786,0.011246,0.016993,0.00040348,0.00060907,20.78,21.066,1.3939e+07,1.3941e+07,0,0.18181,0.99614,0.81819,1,0.1258,0,0.15,0.1258
350,350,0.67087,0.069696,-0.0237,0.67032,-0.018709,0.0087266,1,0.0072242,0.99278,0.055929,0.80618,0.0005786,0.011209,0.016982,0.00040161,0.00060786,20.789,21.096,1.3939e+07,1.3941e+07,0,0.18181,0.99587,0.81819,1,0.126,0,0.15,0.126
350,350,0.67027,0.069617,-0.023468,0.66973,-0.018798,0.0088514,1,0.0072192,0.99278,0.055669,0.80457,0.0005786,0.011172,0.016971,0.00039974,0.00060664,20.797,21.126,1.3939e+07,1.3941e+07,0,0.18181,0.9956,0.81819,1,0.1262,0,0.15,0.1262
350,350,0.66967,0.069538,-0.023235,0.66914,-0.018888,0.0089762,1,0.0072141,0.99279,0.055408,0.80296,0.0005786,0.011134,0.016961,0.00039787,0.00060543,20.806,21.155,1.3939e+07,1.3941e+07,0,0.18181,0.99533,0.81818,1,0.1264,0,0.15,0.1264
350,350,0.66907,0.069459,-0.023002,0.66855,-0.018977,0.009101,1,0.007209,0.99279,0.055147,0.80135,0.0005786,0.011097,0.01695,0.000396,0.00060422,20.814,21.185,1.3939e+07,1.3941e+07,0,0.18181,0.99506,0.81818,1,0.1266,0,0.15,0.1266
350,350,0.66847,0.06938,-0.022769,0.66796,-0.019067,0.0092258,1,0.007204,0.9928,0.054887,0.79974,0.0005786,0.01106,0.016939,0.00039412,0.000603,20.823,21.214,1.3939e+07,1.3941e+07,0,0.18181,0.99479,0.81818,1,0.1268,0,0.15,0.1268
350,350,0.66787,0.069301,-0.022536,0.66738,-0.019156,0.0093505,1,0.0071989,0.9928,0.054626,0.79813,0.0005786,0.011023,0.016928,0.00039225,0.00060179,20.831,21.244,1.3939e+07,1.3941e+07,0,0.18181,0.99451,0.81818,1,0.127,0,0.15,0.127
350,350,0.66727,0.069222,-0.022303,0.66679,-0.019246,0.0094753,1,0.0071938,0.99281,0.054365,0.79652,0.0005786,0.010985,0.016917,0.00039038,0.00060057,20.84,21.274,1.3939e+07,1.3941e+07,0,0.18181,0.99424,0.81818,1,0.1272,0,0.15,0.1272
350,350,0.66667,0.069143,-0.02207,0.6662,-0.019335,0.0096001,1,0.0071888,0.99281,0.054105,0.79491,0.0005786,0.010948,0.016906,0.00038851,0.00059936,20.848,21.303,1.3939e+07,1.3941e+07,0,0.18182,0.99397,0.81818,1,0.1274,0,0.15,0.1274
350,350,0.66607,0.069064,-0.021837,0.66561,-0.019425,0.0097249,1,0.0071837,0.99282,0.053844,0.7933,0.0005786,0.010911,0.016895,0.00038664,0.00059815,20.857,21.333,1.3939e+07,1.3941e+07,0,0.18182,0.9937,0.81818,1,0.1276,0,0.15,0.1276
350,350,0.66547,0.068985,-0.021604,0.66502,-0.019514,0.0098497,1,0.0071786,0.99282,0.053583,0.7917,0.0005786,0.010873,0.016884,0.00038476,0.00059693,20.865,21.362,1.3939e+07,1.3941e+07,0,0.18182,0.99343,0.81818,1,0.1278,0,0.15,0.1278
350,350,0.66487,0.068906,-0.021372,0.66443,-0.019604,0.0099745,1,0.0071735,0.99283,0.053323,0.79009,0.0005786,0.010836,0.016874,0.00038289,0.00059572,20.874,21.392,1.3939e+07,1.3941e+07,0,0.18182,0.99316,0.81818,1,0.128,0,0.15,0.128
350,350,0.66427,0.068827,-0.021139,0.66384,-0.019693,0.010099,1,0.0071685,0.99283,0.053062,0.78848,0.0005786,0.010799,0.016863,0.00038102,0.00059451,20.882,21.422,1.3939e+07,1.3941e+07,0,0.18182,0.99289,0.81818,1,0.1282,0,0.15,0.1282
350,350,0.66367,0.068748,-0.020906,0.66325,-0.019783,0.010224,1,0.0071634,0.99284,0.052801,0.78687,0.0005786,0.010762,0.016852,0.00037915,0.00059329,20.891,21.451,1.3939e+07,1.3941e+07,0,0.18182,0.99262,0.81818,1,0.1284,0,0.15,0.1284
350,350,0.66307,0.068669,-0.020673,0.66267,-0.019872,0.010349,1,0.0071583,0.99284,0.052541,0.78526,0.0005786,0.010724,0.016841,0.00037728,0.00059208,20.899,21.481,1.3939e+07,1.3941e+07,0,0.18182,0.99235,0.81818,1,0.1286,0,0.15,0.1286
350,350,0.66247,0.06859,-0.02044,0.66208,-0.019962,0.010474,1,0.0071533,0.99285,0.05228,0.78365,0.0005786,0.010687,0.01683,0.00037541,0.00059086,20.908,21.511,1.3939e+07,1.3941e+07,0,0.18182,0.99207,0.81818,1,0.1288,0,0.15,0.1288
350,350,0.66187,0.068511,-0.020207,0.66149,-0.020051,0.010598,1,0.0071482,0.99285,0.052019,0.78204,0.0005786,0.01065,0.016819,0.00037353,0.00058965,20.916,21.54,1.3939e+07,1.3941e+07,0,0.18182,0.9918,0.81818,1,0.129,0,0.15,0.129
350,350,0.66127,0.068432,-0.019974,0.6609,-0.020141,0.010723,1,0.0071431,0.99286,0.051758,0.78043,0.0005786,0.010612,0.016808,0.00037166,0.00058844,20.925,21.57,1.3939e+07,1.3941e+07,0,0.18182,0.99153,0.81818,1,0.1292,0,0.15,0.1292
350,350,0.66067,0.068353,-0.019741,0.66031,-0.02023,0.010848,1,0.0071381,0.99286,0.051498,0.77882,0.0005786,0.010575,0.016798,0.00036979,0.00058722,20.933,21.599,1.3939e+07,1.3941e+07,0,0.18182,0.99126,0.81818,1,0.1294,0,0.15,0.1294
350,350,0.66007,0.068274,-0.019509,0.65972,-0.02032,0.010973,1,0.007133,0.99287,0.051237,0.77721,0.0005786,0.010538,0.016787,0.00036792,0.00058601,20.942,21.629,1.3939e+07,1.3941e+07,0,0.18182,0.99099,0.81818,1,0.1296,0,0.15,0.1296
350,350,0.65947,0.068195,-0.019276,0.65913,-0.020409,0.011097,1,0.0071279,0.99287,0.050976,0.7756,0.0005786,0.010501,0.016776,0.00036605,0.0005848,20.95,21.659,1.3939e+07,1.3941e+07,0,0.18182,0.99072,0.81818,1,0.1298,0,0.15,0.1298
350,350,0.65887,0.068116,-0.019043,0.65854,-0.020499,0.011222,1,0.0071229,0.99288,0.050716,0.77399,0.0005786,0.010463,0.016765,0.00036417,0.00058358,20.959,21.688,1.3939e+07,1.3941e+07,0,0.18182,0.99045,0.81818,1,0.13,0,0.15,0.13
350,350,0.65827,0.068037,-0.01881,0.65795,-0.020588,0.011347,1,0.0071178,0.99288,0.050455,0.77238,0.0005786,0.010426,0.016754,0.0003623,0.00058237,20.967,21.718,1.3939e+07,1.3941e+07,0,0.18182,0.99018,0.81818,1,0.1302,0,0.15,0.1302
350,350,0.65767,0.067958,-0.018577,0.65737,-0.020678,0.011472,1,0.0071127,0.99289,0.050194,0.77077,0.0005786,0.010389,0.016743,0.00036043,0.00058115,20.976,21.748,1.3939e+07,1.3941e+07,0,0.18182,0.98991,0.81818,1,0.1304,0,0.15,0.1304
350,350,0.65707,0.067879,-0.018344,0.65678,-0.020767,0.011596,1,0.0071077,0.99289,0.049934,0.76916,0.0005786,0.010351,0.016732,0.00035856,0.00057994,20.984,21.777,1.3939e+07,1.3941e+07,0,0.18182,0.98964,0.81818,1,0.1306,0,0.15,0.1306
350,350,0.65647,0.0678,-0.018111,0.65619,-0.020857,0.011721,1,0.0071026,0.9929,0.049673,0.76755,0.0005786,0.010314,0.016722,0.00035669,0.00057873,20.993,21.807,1.3939e+07,1.3941e+07,0,0.18182,0.98936,0.81818,1,0.1308,0,0.15,0.1308
350,350,0.65587,0.067721,-0.017879,0.6556,-0.020946,0.011846,1,0.0070975,0.9929,0.049412,0.76594,0.0005786,0.010277,0.016711,0.00035481,0.00057751,21.001,21.836,1.3939e+07,1.3941e+07,0,0.18182,0.98909,0.81818,1,0.131,0,0.15,0.131
350,350,0.65516,0.067611,-0.017666,0.6549,-0.021064,0.01195,1,0.0070927,0.99291,0.049238,0.76498,0.0005786,0.010241,0.016689,0.00035356,0.00057679,21,21.855,1.3939e+07,1.3941e+07,0,0.18182,0.98927,0.81818,1,0.1312,0,0.15,0.1312
350,350,0.65442,0.067489,-0.017461,0.65416,-0.021194,0.012046,1,0.007088,0.99291,0.049096,0.76427,0.0005786,0.010207,0.016664,0.00035254,0.00057626,20.995,21.87,1.3939e+07,1.3941e+07,0,0.18182,0.98961,0.81818,1,0.1314,0,0.15,0.1314
350,350,0.65368,0.067367,-0.017256,0.65343,-0.021323,0.012143,1,0.0070833,0.99292,0.048954,0.76356,0.0005786,0.010172,0.016638,0.00035152,0.00057572,20.99,21.885,1.3939e+07,1.3941e+07,0,0.18182,0.98995,0.81818,1,0.1316,0,0.15,0.1316
350,350,0.65294,0.067244,-0.01705,0.65269,-0.021452,0.012239,1,0.0070786,0.99292,0.048812,0.76286,0.0005786,0.010137,0.016613,0.00035051,0.00057519,20.985,21.9,1.3939e+07,1.3941e+07,0,0.18182,0.99029,0.81818,1,0.1318,0,0.15,0.1318
350,350,0.65219,0.067122,-0.016845,0.65195,-0.021581,0.012335,1,0.0070738,0.99293,0.048671,0.76215,0.0005786,0.010102,0.016588,0.00034949,0.00057465,20.98,21.915,1.3939e+07,1.3941e+07,0,0.18182,0.99063,0.81818,1,0.132,0,0.15,0.132
350,350,0.65145,0.067,-0.01664,0.65121,-0.02171,0.012432,1,0.0070691,0.99293,0.048529,0.76144,0.0005786,0.010068,0.016562,0.00034847,0.00057412,20.975,21.93,1.3939e+07,1.3941e+07,0,0.18182,0.99097,0.81818,1,0.1322,0,0.15,0.1322
350,350,0.65071,0.066878,-0.016435,0.65047,-0.021839,0.012528,1,0.0070644,0.99294,0.048387,0.76073,0.0005786,0.010033,0.016537,0.00034745,0.00057359,20.969,21.945,1.3939e+07,1.3941e+07,0,0.18182,0.99131,0.81818,1,0.1324,0,0.15,0.1324
350,350,0.64996,0.066755,-0.01623,0.64973,-0.021968,0.012624,1,0.0070597,0.99294,0.048245,0.76002,0.0005786,0.0099981,0.016511,0.00034643,0.00057305,20.964,21.96,1.3939e+07,1.3941e+07,0,0.18182,0.99165,0.81818,1,0.1326,0,0.15,0.1326
350,350,0.64922,0.066633,-0.016025,0.649,-0.022098,0.012721,1,0.007055,0.99295,0.048103,0.75931,0.0005786,0.0099633,0.016486,0.00034541,0.00057252,20.959,21.975,1.3939e+07,1.3941e+07,0,0.18182,0.992,0.81818,1,0.1328,0,0.15,0.1328
350,350,0.64848,0.066511,-0.01582,0.64826,-0.022227,0.012817,1,0.0070502,0.99295,0.047961,0.7586,0.0005786,0.0099286,0.01646,0.0003444,0.00057198,20.954,21.99,1.3939e+07,1.3941e+07,0,0.18182,0.99234,0.81818,1,0.133,0,0.15,0.133
350,350,0.64773,0.066389,-0.015614,0.64752,-0.022356,0.012914,1,0.0070455,0.99295,0.04782,0.75789,0.0005786,0.0098938,0.016435,0.00034338,0.00057145,20.949,22.005,1.3939e+07,1.3941e+07,0,0.18182,0.99268,0.81818,1,0.1332,0,0.15,0.1332
350,350,0.64699,0.066266,-0.015409,0.64678,-0.022485,0.01301,1,0.0070408,0.99296,0.047678,0.75718,0.0005786,0.009859,0.01641,0.00034236,0.00057091,20.944,22.019,1.3939e+07,1.3941e+07,0,0.18182,0.99302,0.81818,1,0.1334,0,0.15,0.1334
350,350,0.64625,0.066144,-0.015204,0.64604,-0.022614,0.013106,1,0.0070361,0.99296,0.047536,0.75648,0.0005786,0.0098243,0.016384,0.00034134,0.00057038,20.939,22.034,1.3939e+07,1.3941e+07,0,0.18182,0.99336,0.81818,1,0.1336,0,0.15,0.1336
350,350,0.6455,0.066022,-0.014999,0.6453,-0.022743,0.013203,1,0.0070314,0.99297,0.047394,0.75577,0.0005786,0.0097895,0.016359,0.00034032,0.00056984,20.934,22.049,1.3939e+07,1.3941e+07,0,0.18182,0.9937,0.81818,1,0.1338,0,0.15,0.1338
350,350,0.64476,0.0659,-0.014794,0.64457,-0.022872,0.013299,1,0.0070267,0.99297,0.047252,0.75506,0.0005786,0.0097547,0.016333,0.0003393,0.00056931,20.929,22.064,1.3939e+07,1.3941e+07,0,0.18182,0.99404,0.81818,1,0.134,0,0.15,0.134
350,350,0.64402,0.065778,-0.014589,0.64383,-0.023002,0.013395,1,0.0070219,0.99298,0.047111,0.75435,0.0005786,0.00972,0.016308,0.00033829,0.00056877,20.924,22.079,1.3939e+07,1.3941e+07,0,0.18182,0.99439,0.81818,1,0.1342,0,0.15,0.1342
350,350,0.64327,0.065655,-0.014384,0.64309,-0.023131,0.013491,1,0.0070172,0.99298,0.046969,0.75364,0.0005786,0.0096852,0.016282,0.00033727,0.00056824,20.919,22.094,1.3939e+07,1.3941e+07,0,0.18182,0.99473,0.81818,1,0.1344,0,0.15,0.1344
350,350,0.64253,0.065533,-0.014179,0.64235,-0.02326,0.013588,1,0.0070125,0.99299,0.046827,0.75293,0.0005786,0.0096504,0.016257,0.00033625,0.0005677,20.914,22.109,1.3939e+07,1.3941e+07,0,0.18182,0.99507,0.81818,1,0.1346,0,0.15,0.1346
350,350,0.64179,0.065411,-0.013974,0.64161,-0.023389,0.013684,1,0.0070078,0.99299,0.046685,0.75222,0.0005786,0.0096157,0.016232,0.00033523,0.00056717,20.909,22.124,1.3939e+07,1.3941e+07,0,0.18182,0.99541,0.81818,1,0.1348,0,0.15,0.1348
350,350,0.64105,0.065289,-0.013768,0.64087,-0.023518,0.01378,1,0.0070031,0.993,0.046543,0.75151,0.0005786,0.0095809,0.016206,0.00033421,0.00056663,20.904,22.139,1.3939e+07,1.3941e+07,0,0.18182,0.99575,0.81818,1,0.135,0,0.15,0.135
350,350,0.6403,0.065166,-0.013563,0.64013,-0.023647,0.013877,1,0.0069984,0.993,0.046401,0.7508,0.0005786,0.0095461,0.016181,0.00033319,0.0005661,20.899,22.154,1.3939e+07,1.3941e+07,0,0.18182,0.99609,0.81818,1,0.1352,0,0.15,0.1352
350,350,0.63956,0.065044,-0.013358,0.6394,-0.023776,0.013973,1,0.0069936,0.99301,0.04626,0.75009,0.0005786,0.0095114,0.016155,0.00033218,0.00056557,20.894,22.169,1.3939e+07,1.3941e+07,0,0.18182,0.99643,0.81818,1,0.1354,0,0.15,0.1354
350,350,0.63882,0.064922,-0.013153,0.63866,-0.023906,0.014069,1,0.0069889,0.99301,0.046118,0.74938,0.0005786,0.0094766,0.01613,0.00033116,0.00056503,20.889,22.184,1.3939e+07,1.3941e+07,0,0.18182,0.99677,0.81818,1,0.1356,0,0.15,0.1356
350,350,0.63807,0.0648,-0.012948,0.63792,-0.024035,0.014166,1,0.0069842,0.99302,0.045976,0.74867,0.0005786,0.0094418,0.016104,0.00033014,0.0005645,20.884,22.199,1.3939e+07,1.3941e+07,0,0.18182,0.99712,0.81818,1,0.1358,0,0.15,0.1358
350,350,0.63733,0.064677,-0.012743,0.63718,-0.024164,0.014262,1,0.0069795,0.99302,0.045834,0.74796,0.0005786,0.0094071,0.016079,0.00032912,0.00056396,20.879,22.214,1.3939e+07,1.3941e+07,0,0.18182,0.99746,0.81818,1,0.136,0,0.15,0.136
350,350,0.63659,0.064555,-0.012538,0.63644,-0.024293,0.014358,1,0.0069748,0.99303,0.045692,0.74725,0.0005786,0.0093723,0.016053,0.0003281,0.00056343,20.874,22.228,1.3939e+07,1.3941e+07,0,0.18182,0.9978,0.81818,1,0.1362,0,0.15,0.1362
350,350,0.63584,0.064433,-0.012333,0.6357,-0.024422,0.014455,1,0.00697,0.99303,0.045551,0.74654,0.0005786,0.0093375,0.016028,0.00032708,0.00056289,20.869,22.243,1.3939e+07,1.3941e+07,0,0.18182,0.99814,0.81818,1,0.1364,0,0.15,0.1364
350,350,0.6351,0.064311,-0.012128,0.63497,-0.024551,0.014551,1,0.0069653,0.99303,0.045409,0.74584,0.0005786,0.0093028,0.016003,0.00032606,0.00056236,20.864,22.258,1.3939e+07,1.3941e+07,0,0.18182,0.99848,0.81818,1,0.1366,0,0.15,0.1366
350,350,0.63436,0.064188,-0.011923,0.63423,-0.024681,0.014647,1,0.0069606,0.99304,0.045267,0.74513,0.0005786,0.009268,0.015977,0.00032505,0.00056182,20.858,22.273,1.3939e+07,1.3941e+07,0,0.18182,0.99882,0.81818,1,0.1368,0,0.15,0.1368
350,350,0.63361,0.064066,-0.011718,0.63349,-0.02481,0.014743,1,0.0069559,0.99304,0.045125,0.74442,0.0005786,0.0092333,0.015952,0.00032403,0.00056128,20.853,22.288,1.3939e+07,1.3941e+07,0,0.18182,0.99916,0.81818,1,0.137,0,0.15,0.137
350,350,0.63287,0.063944,-0.011513,0.63275,-0.024939,0.01484,1,0.0069512,0.99305,0.044983,0.74371,0.0005786,0.0091985,0.015926,0.00032301,0.00056075,20.848,22.303,1.3939e+07,1.3941e+07,0,0.18182,0.99951,0.81818,1,0.1372,0,0.15,0.1372
350,350,0.63213,0.063822,-0.011308,0.63201,-0.025068,0.014936,1,0.0069465,0.99305,0.044841,0.743,0.0005786,0.0091637,0.015901,0.00032199,0.00056021,20.843,22.318,1.3939e+07,1.3941e+07,0,0.18182,0.99985,0.81818,1,0.1374,0,0.15,0.1374
350,350,0.63139,0.063699,-0.011103,0.63127,-0.025197,0.015032,1,0.0069417,0.99306,0.0447,0.74229,0.0005786,0.009129,0.015875,0.00032097,0.00055968,20.838,22.333,1.3939e+07,1.3941e+07,0,0.18182,1.0002,0.81818,1,0.1376,0,0.15,0.1376
350,350,0.63064,0.063577,-0.010897,0.63054,-0.025326,0.015128,1,0.006937,0.99306,0.044558,0.74158,0.0005786,0.0090942,0.01585,0.00031995,0.00055914,20.833,22.348,1.3939e+07,1.3941e+07,0,0.18182,1.0005,0.81818,1,0.1378,0,0.15,0.1378
350,350,0.6299,0.063455,-0.010692,0.6298,-0.025456,0.015225,1,0.0069323,0.99307,0.044416,0.74087,0.0005786,0.0090594,0.015825,0.00031894,0.00055861,20.828,22.363,1.3939e+07,1.3941e+07,0,0.18182,1.0009,0.81818,1,0.138,0,0.15,0.138
350,350,0.62916,0.063333,-0.010487,0.62906,-0.025585,0.015321,1,0.0069276,0.99307,0.044274,0.74016,0.0005786,0.0090247,0.015799,0.00031792,0.00055807,20.823,22.378,1.3939e+07,1.3941e+07,0,0.18182,1.0012,0.81818,1,0.1382,0,0.15,0.1382
350,350,0.62841,0.06321,-0.010282,0.62832,-0.025714,0.015417,1,0.0069229,0.99308,0.044132,0.73945,0.0005786,0.0089899,0.015774,0.0003169,0.00055754,20.818,22.393,1.3939e+07,1.3941e+07,0,0.18182,1.0016,0.81818,1,0.1384,0,0.15,0.1384
350,350,0.62767,0.063088,-0.010077,0.62758,-0.025843,0.015513,1,0.0069182,0.99308,0.04399,0.73874,0.0005786,0.0089551,0.015748,0.00031588,0.000557,20.813,22.408,1.3939e+07,1.3941e+07,0,0.18182,1.0019,0.81818,1,0.1386,0,0.15,0.1386
350,350,0.62693,0.062966,-0.0098723,0.62684,-0.025972,0.01561,1,0.0069134,0.99309,0.043849,0.73803,0.0005786,0.0089204,0.015723,0.00031486,0.00055647,20.808,22.423,1.3939e+07,1.3941e+07,0,0.18182,1.0022,0.81818,1,0.1388,0,0.15,0.1388
350,350,0.62618,0.062843,-0.0096673,0.62611,-0.026101,0.015706,1,0.0069087,0.99309,0.043707,0.73732,0.0005786,0.0088856,0.015697,0.00031384,0.00055593,20.803,22.438,1.3939e+07,1.3941e+07,0,0.18182,1.0026,0.81818,1,0.139,0,0.15,0.139
350,350,0.62544,0.062721,-0.0094622,0.62537,-0.026231,0.015802,1,0.006904,0.9931,0.043565,0.73661,0.0005786,0.0088509,0.015672,0.00031283,0.0005554,20.798,22.452,1.3939e+07,1.3941e+07,0,0.18182,1.0029,0.81818,1,0.1392,0,0.15,0.1392
350,350,0.6247,0.062599,-0.0092572,0.62463,-0.02636,0.015898,1,0.0068993,0.9931,0.043423,0.7359,0.0005786,0.0088161,0.015646,0.00031181,0.00055486,20.793,22.467,1.3939e+07,1.3941e+07,0,0.18182,1.0033,0.81818,1,0.1394,0,0.15,0.1394
350,350,0.62395,0.062477,-0.0090522,0.62389,-0.026489,0.015995,1,0.0068946,0.99311,0.043281,0.73519,0.0005786,0.0087813,0.015621,0.00031079,0.00055433,20.788,22.482,1.3939e+07,1.3941e+07,0,0.18182,1.0036,0.81818,1,0.1396,0,0.15,0.1396
350,350,0.62321,0.062354,-0.0088472,0.62315,-0.026618,0.016091,1,0.0068898,0.99311,0.043139,0.73448,0.0005786,0.0087466,0.015596,0.00030977,0.00055379,20.783,22.497,1.3939e+07,1.3941e+07,0,0.18182,1.0039,0.81818,1,0.1398,0,0.15,0.1398
350,350,0.62247,0.062232,-0.0086422,0.62241,-0.026747,0.016187,1,0.0068851,0.99311,0.042998,0.73377,0.0005786,0.0087118,0.01557,0.00030875,0.00055325,20.778,22.512,1.3939e+07,1.3941e+07,0,0.18182,1.0043,0.81818,1,0.14,0,0.15,0.14
350,350,0.62173,0.06211,-0.0084372,0.62168,-0.026876,0.016283,1,0.0068804,0.99312,0.042856,0.73306,0.0005786,0.0086771,0.015545,0.00030773,0.00055272,20.773,22.527,1.3939e+07,1.3941e+07,0,0.18182,1.0046,0.81818,1,0.1402,0,0.15,0.1402
350,350,0.62098,0.061988,-0.0082321,0.62094,-0.027006,0.01638,1,0.0068757,0.99312,0.042714,0.73234,0.0005786,0.0086423,0.015519,0.00030671,0.00055218,20.768,22.542,1.3939e+07,1.3941e+07,0,0.18182,1.005,0.81818,1,0.1404,0,0.15,0.1404
350,350,0.62024,0.061865,-0.0080272,0.6202,-0.027135,0.016476,1,0.006871,0.99313,0.042572,0.73163,0.0005786,0.0086075,0.015494,0.0003057,0.00055165,20.763,22.557,1.3939e+07,1.3941e+07,0,0.18182,1.0053,0.81818,1,0.1406,0,0.15,0.1406
350,350,0.6195,0.061743,-0.0078222,0.61946,-0.027264,0.016572,1,0.0068663,0.99313,0.04243,0.73092,0.0005786,0.0085728,0.015468,0.00030468,0.00055111,20.758,22.572,1.3939e+07,1.3941e+07,0,0.18182,1.0057,0.81818,1,0.1408,0,0.15,0.1408
350,350,0.61875,0.061621,-0.0076171,0.61872,-0.027393,0.016668,1,0.0068615,0.99314,0.042288,0.73021,0.0005786,0.008538,0.015443,0.00030366,0.00055058,20.753,22.587,1.3939e+07,1.3941e+07,0,0.18182,1.006,0.81818,1,0.141,0,0.15,0.141
350,350,0.61804,0.061582,-0.0074556,0.61801,-0.027438,0.016727,1,0.0068575,0.99314,0.042173,0.72945,0.0005786,0.0085045,0.015409,0.00030283,0.00055,20.746,22.598,1.3939e+07,1.3941e+07,0,0.18182,1.0064,0.81818,1,0.1412,0,0.15,0.1412
350,350,0.61735,0.061653,-0.0073513,0.61732,-0.027371,0.016738,1,0.0068543,0.99315,0.042093,0.72861,0.0005786,0.0084726,0.015365,0.00030226,0.00054936,20.738,22.603,1.3939e+07,1.3941e+07,0,0.18182,1.007,0.81818,1,0.1414,0,0.15,0.1414
350,350,0.61667,0.061724,-0.007247,0.61663,-0.027305,0.016749,1,0.0068511,0.99315,0.042013,0.72777,0.0005786,0.0084407,0.01532,0.00030168,0.00054873,20.73,22.608,1.3939e+07,1.3941e+07,0,0.18182,1.0075,0.81818,1,0.1416,0,0.15,0.1416
350,350,0.61598,0.061795,-0.0071427,0.61595,-0.027238,0.016759,1,0.0068479,0.99315,0.041933,0.72693,0.0005786,0.0084088,0.015275,0.00030111,0.0005481,20.722,22.613,1.3939e+07,1.3941e+07,0,0.18182,1.008,0.81818,1,0.1418,0,0.15,0.1418
350,350,0.6153,0.061867,-0.0070385,0.61526,-0.027171,0.01677,1,0.0068447,0.99316,0.041853,0.72608,0.0005786,0.0083769,0.01523,0.00030053,0.00054746,20.714,22.618,1.3939e+07,1.3941e+07,0,0.18182,1.0086,0.81818,1,0.142,0,0.15,0.142
350,350,0.61461,0.061938,-0.0069342,0.61457,-0.027105,0.01678,1,0.0068415,0.99316,0.041773,0.72524,0.0005786,0.0083451,0.015186,0.00029996,0.00054683,20.706,22.623,1.3939e+07,1.3941e+07,0,0.18182,1.0091,0.81818,1,0.1422,0,0.15,0.1422
350,350,0.61393,0.062009,-0.00683,0.61389,-0.027038,0.016791,1,0.0068383,0.99316,0.041693,0.7244,0.0005786,0.0083132,0.015141,0.00029938,0.0005462,20.697,22.628,1.3939e+07,1.3941e+07,0,0.18182,1.0097,0.81818,1,0.1424,0,0.15,0.1424
350,350,0.61325,0.06208,-0.0067257,0.6132,-0.026971,0.016801,1,0.0068351,0.99316,0.041613,0.72356,0.0005786,0.0082813,0.015096,0.00029881,0.00054556,20.689,22.634,1.3939e+07,1.3941e+07,0,0.18182,1.0102,0.81818,1,0.1426,0,0.15,0.1426
350,350,0.61256,0.062152,-0.0066214,0.61251,-0.026905,0.016812,1,0.0068319,0.99317,0.041533,0.72272,0.0005786,0.0082494,0.015052,0.00029823,0.00054493,20.681,22.639,1.3939e+07,1.3941e+07,0,0.18182,1.0107,0.81818,1,0.1428,0,0.15,0.1428
350,350,0.61188,0.062223,-0.0065172,0.61182,-0.026838,0.016822,1,0.0068287,0.99317,0.041453,0.72188,0.0005786,0.0082175,0.015007,0.00029766,0.00054429,20.673,22.644,1.3939e+07,1.3941e+07,0,0.18182,1.0113,0.81818,1,0.143,0,0.15,0.143
350,350,0.61119,0.062294,-0.006413,0.61114,-0.026772,0.016833,1,0.0068256,0.99317,0.041373,0.72104,0.0005786,0.0081856,0.014962,0.00029708,0.00054366,20.665,22.649,1.3939e+07,1.3941e+07,0,0.18182,1.0118,0.81818,1,0.1432,0,0.15,0.1432
350,350,0.61051,0.062365,-0.0063087,0.61045,-0.026705,0.016843,1,0.0068224,0.99318,0.041293,0.7202,0.0005786,0.0081537,0.014918,0.00029651,0.00054302,20.657,22.654,1.3939e+07,1.3941e+07,0,0.18182,1.0124,0.81818,1,0.1434,0,0.15,0.1434
350,350,0.60982,0.062436,-0.0062045,0.60976,-0.026638,0.016854,1,0.0068192,0.99318,0.041213,0.71936,0.0005786,0.0081218,0.014873,0.00029593,0.00054239,20.649,22.659,1.3939e+07,1.3941e+07,0,0.18182,1.0129,0.81818,1,0.1436,0,0.15,0.1436
350,350,0.60914,0.062508,-0.0061003,0.60908,-0.026572,0.016864,1,0.006816,0.99318,0.041133,0.71852,0.0005786,0.00809,0.014828,0.00029536,0.00054176,20.64,22.665,1.3939e+07,1.3941e+07,0,0.18182,1.0134,0.81818,1,0.1438,0,0.15,0.1438
350,350,0.60845,0.062579,-0.005996,0.60839,-0.026505,0.016875,1,0.0068128,0.99319,0.041053,0.71767,0.0005786,0.0080581,0.014784,0.00029478,0.00054112,20.632,22.67,1.3939e+07,1.3941e+07,0,0.18182,1.014,0.81818,1,0.144,0,0.15,0.144
350,350,0.60777,0.06265,-0.0058918,0.6077,-0.026438,0.016885,1,0.0068096,0.99319,0.040972,0.71683,0.0005786,0.0080262,0.014739,0.00029421,0.00054049,20.624,22.675,1.3939e+07,1.3941e+07,0,0.18182,1.0145,0.81818,1,0.1442,0,0.15,0.1442
350,350,0.60709,0.062721,-0.0057876,0.60702,-0.026372,0.016896,1,0.0068064,0.99319,0.040892,0.71599,0.0005786,0.0079943,0.014694,0.00029363,0.00053985,20.616,22.68,1.3939e+07,1.3941e+07,0,0.18182,1.0151,0.81818,1,0.1444,0,0.15,0.1444
350,350,0.6064,0.062793,-0.0056834,0.60633,-0.026305,0.016906,1,0.0068032,0.9932,0.040812,0.71515,0.0005786,0.0079624,0.014649,0.00029306,0.00053922,20.608,22.685,1.3939e+07,1.3941e+07,0,0.18182,1.0156,0.81818,1,0.1446,0,0.15,0.1446
350,350,0.60572,0.062864,-0.0055792,0.60564,-0.026238,0.016917,1,0.0068,0.9932,0.040732,0.71431,0.0005786,0.0079305,0.014605,0.00029248,0.00053858,20.6,22.69,1.3939e+07,1.3941e+07,0,0.18182,1.0161,0.81818,1,0.1448,0,0.15,0.1448
350,350,0.60503,0.062935,-0.005475,0.60495,-0.026172,0.016927,1,0.0067968,0.9932,0.040652,0.71347,0.0005786,0.0078986,0.01456,0.00029191,0.00053795,20.592,22.696,1.3939e+07,1.3941e+07,0,0.18182,1.0167,0.81818,1,0.145,0,0.15,0.145
350,350,0.60435,0.063006,-0.0053708,0.60427,-0.026105,0.016937,1,0.0067936,0.99321,0.040572,0.71262,0.0005786,0.0078667,0.014515,0.00029133,0.00053731,20.584,22.701,1.3939e+07,1.3941e+07,0,0.18182,1.0172,0.81818,1,0.1452,0,0.15,0.1452
350,350,0.60366,0.063078,-0.0052666,0.60358,-0.026038,0.016948,1,0.0067904,0.99321,0.040492,0.71178,0.0005786,0.0078349,0.014471,0.00029076,0.00053668,20.575,22.706,1.3939e+07,1.3941e+07,0,0.18182,1.0178,0.81818,1,0.1454,0,0.15,0.1454
350,350,0.60298,0.063149,-0.0051624,0.60289,-0.025972,0.016958,1,0.0067872,0.99321,0.040412,0.71094,0.0005786,0.007803,0.014426,0.00029018,0.00053605,20.567,22.711,1.3939e+07,1.3941e+07,0,0.18182,1.0183,0.81818,1,0.1456,0,0.15,0.1456
350,350,0.60229,0.06322,-0.0050582,0.60221,-0.025905,0.016969,1,0.0067841,0.99322,0.040332,0.7101,0.0005786,0.0077711,0.014381,0.00028961,0.00053541,20.559,22.716,1.3939e+07,1.3941e+07,0,0.18182,1.0188,0.81818,1,0.1458,0,0.15,0.1458
350,350,0.60161,0.063291,-0.0049541,0.60152,-0.025838,0.016979,1,0.0067809,0.99322,0.040252,0.70926,0.0005786,0.0077392,0.014336,0.00028903,0.00053478,20.551,22.721,1.3939e+07,1.3941e+07,0,0.18182,1.0194,0.81818,1,0.146,0,0.15,0.146
350,350,0.60093,0.063363,-0.0048499,0.60083,-0.025772,0.01699,1,0.0067777,0.99322,0.040172,0.70842,0.0005786,0.0077073,0.014292,0.00028846,0.00053414,20.543,22.726,1.3939e+07,1.3941e+07,0,0.18182,1.0199,0.81818,1,0.1462,0,0.15,0.1462
350,350,0.60024,0.063434,-0.0047457,0.60015,-0.025705,0.017,1,0.0067745,0.99323,0.040092,0.70757,0.0005786,0.0076754,0.014247,0.00028788,0.00053351,20.535,22.732,1.3939e+07,1.3941e+07,0,0.18182,1.0205,0.81818,1,0.1464,0,0.15,0.1464
350,350,0.59956,0.063505,-0.0046416,0.59946,-0.025638,0.017011,1,0.0067713,0.99323,0.040012,0.70673,0.0005786,0.0076435,0.014202,0.00028731,0.00053287,20.527,22.737,1.3939e+07,1.3941e+07,0,0.18182,1.021,0.81818,1,0.1466,0,0.15,0.1466
350,350,0.59887,0.063576,-0.0045374,0.59877,-0.025571,0.017021,1,0.0067681,0.99323,0.039931,0.70589,0.0005786,0.0076116,0.014158,0.00028673,0.00053224,20.519,22.742,1.3939e+07,1.3941e+07,0,0.18182,1.0215,0.81818,1,0.1468,0,0.15,0.1468
350,350,0.59819,0.063648,-0.0044333,0.59808,-0.025505,0.017031,1,0.0067649,0.99324,0.039851,0.70505,0.0005786,0.0075797,0.014113,0.00028616,0.0005316,20.51,22.747,1.3939e+07,1.3941e+07,0,0.18182,1.0221,0.81818,1,0.147,0,0.15,0.147
350,350,0.5975,0.063719,-0.0043291,0.5974,-0.025438,0.017042,1,0.0067617,0.99324,0.039771,0.7042,0.0005786,0.0075479,0.014068,0.00028558,0.00053097,20.502,22.752,1.3939e+07,1.3941e+07,0,0.18182,1.0226,0.81818,1,0.1472,0,0.15,0.1472
350,350,0.59682,0.06379,-0.004225,0.59671,-0.025371,0.017052,1,0.0067585,0.99324,0.039691,0.70336,0.0005786,0.007516,0.014024,0.00028501,0.00053033,20.494,22.757,1.3939e+07,1.3941e+07,0,0.18182,1.0232,0.81818,1,0.1474,0,0.15,0.1474
350,350,0.59613,0.063861,-0.0041208,0.59602,-0.025305,0.017062,1,0.0067553,0.99324,0.039611,0.70252,0.0005786,0.0074841,0.013979,0.00028443,0.0005297,20.486,22.763,1.3939e+07,1.3941e+07,0,0.18182,1.0237,0.81818,1,0.1476,0,0.15,0.1476
350,350,0.59545,0.063933,-0.0040167,0.59534,-0.025238,0.017073,1,0.0067521,0.99325,0.039531,0.70168,0.0005786,0.0074522,0.013934,0.00028386,0.00052906,20.478,22.768,1.3939e+07,1.3941e+07,0,0.18182,1.0242,0.81818,1,0.1478,0,0.15,0.1478
350,350,0.59477,0.064004,-0.0039126,0.59465,-0.025171,0.017083,1,0.0067489,0.99325,0.039451,0.70083,0.0005786,0.0074203,0.013889,0.00028328,0.00052842,20.47,22.773,1.3939e+07,1.3941e+07,0,0.18182,1.0248,0.81818,1,0.148,0,0.15,0.148
350,350,0.59408,0.064075,-0.0038084,0.59396,-0.025105,0.017094,1,0.0067457,0.99325,0.039371,0.69999,0.0005786,0.0073884,0.013845,0.00028271,0.00052779,20.462,22.778,1.3939e+07,1.3941e+07,0,0.18182,1.0253,0.81818,1,0.1482,0,0.15,0.1482
350,350,0.5934,0.064146,-0.0037043,0.59328,-0.025038,0.017104,1,0.0067426,0.99326,0.039291,0.69915,0.0005786,0.0073565,0.0138,0.00028213,0.00052715,20.453,22.783,1.3939e+07,1.3941e+07,0,0.18182,1.0259,0.81818,1,0.1484,0,0.15,0.1484
350,350,0.59271,0.064218,-0.0036002,0.59259,-0.024971,0.017114,1,0.0067394,0.99326,0.039211,0.69831,0.0005786,0.0073246,0.013755,0.00028156,0.00052652,20.445,22.788,1.3939e+07,1.3941e+07,0,0.18182,1.0264,0.81818,1,0.1486,0,0.15,0.1486
350,350,0.59203,0.064289,-0.0034961,0.5919,-0.024905,0.017125,1,0.0067362,0.99326,0.03913,0.69746,0.0005786,0.0072928,0.013711,0.00028098,0.00052588,20.437,22.794,1.3939e+07,1.3941e+07,0,0.18182,1.0269,0.81818,1,0.1488,0,0.15,0.1488
350,350,0.59134,0.06436,-0.003392,0.59121,-0.024838,0.017135,1,0.006733,0.99327,0.03905,0.69662,0.0005786,0.0072609,0.013666,0.00028041,0.00052525,20.429,22.799,1.3939e+07,1.3941e+07,0,0.18182,1.0275,0.81818,1,0.149,0,0.15,0.149
350,350,0.59066,0.064432,-0.0032879,0.59053,-0.024771,0.017145,1,0.0067298,0.99327,0.03897,0.69578,0.0005786,0.007229,0.013621,0.00027983,0.00052461,20.421,22.804,1.3939e+07,1.3941e+07,0,0.18182,1.028,0.81818,1,0.1492,0,0.15,0.1492
350,350,0.58997,0.064503,-0.0031838,0.58984,-0.024704,0.017156,1,0.0067266,0.99327,0.03889,0.69494,0.0005786,0.0071971,0.013576,0.00027926,0.00052398,20.413,22.809,1.3939e+07,1.3941e+07,0,0.18182,1.0286,0.81818,1,0.1494,0,0.15,0.1494
350,350,0.58929,0.064574,-0.0030797,0.58915,-0.024638,0.017166,1,0.0067234,0.99328,0.03881,0.69409,0.0005786,0.0071652,0.013532,0.00027868,0.00052334,20.405,22.814,1.3939e+07,1.3941e+07,0,0.18182,1.0291,0.81818,1,0.1496,0,0.15,0.1496
350,350,0.58861,0.064645,-0.0029756,0.58847,-0.024571,0.017176,1,0.0067202,0.99328,0.03873,0.69325,0.0005786,0.0071333,0.013487,0.00027811,0.00052271,20.397,22.819,1.3939e+07,1.3941e+07,0,0.18182,1.0296,0.81818,1,0.1498,0,0.15,0.1498
350,350,0.58792,0.064717,-0.0028715,0.58778,-0.024504,0.017187,1,0.006717,0.99328,0.03865,0.69241,0.0005786,0.0071014,0.013442,0.00027753,0.00052207,20.388,22.825,1.3939e+07,1.3941e+07,0,0.18182,1.0302,0.81818,1,0.15,0,0.15,0.15
350,350,0.58724,0.064788,-0.0027675,0.58709,-0.024438,0.017197,1,0.0067138,0.99329,0.03857,0.69156,0.0005786,0.0070695,0.013398,0.00027695,0.00052143,20.38,22.83,1.3939e+07,1.3941e+07,0,0.18182,1.0307,0.81818,1,0.1502,0,0.15,0.1502
350,350,0.58655,0.064859,-0.0026634,0.5864,-0.024371,0.017207,1,0.0067106,0.99329,0.038489,0.69072,0.0005786,0.0070376,0.013353,0.00027638,0.0005208,20.372,22.835,1.3939e+07,1.3941e+07,0,0.18182,1.0313,0.81818,1,0.1504,0,0.15,0.1504
350,350,0.58587,0.064931,-0.0025593,0.58572,-0.024304,0.017218,1,0.0067074,0.99329,0.038409,0.68988,0.0005786,0.0070058,0.013308,0.0002758,0.00052016,20.364,22.84,1.3939e+07,1.3941e+07,0,0.18182,1.0318,0.81818,1,0.1506,0,0.15,0.1506
350,350,0.58518,0.065002,-0.0024553,0.58503,-0.024237,0.017228,1,0.0067043,0.9933,0.038329,0.68903,0.0005786,0.0069739,0.013264,0.00027523,0.00051953,20.356,22.845,1.3939e+07,1.3941e+07,0,0.18182,1.0323,0.81818,1,0.1508,0,0.15,0.1508
350,350,0.5845,0.065073,-0.0023512,0.58434,-0.024171,0.017238,1,0.0067011,0.9933,0.038249,0.68819,0.0005786,0.006942,0.013219,0.00027465,0.00051889,20.348,22.851,1.3939e+07,1.3941e+07,0,0.18182,1.0329,0.81818,1,0.151,0,0.15,0.151
350,350,0.58386,0.065256,-0.0022872,0.5837,-0.023993,0.017215,1,0.0066982,0.9933,0.03816,0.68691,0.0005786,0.0069108,0.01317,0.00027401,0.00051793,20.344,22.857,1.3939e+07,1.3941e+07,0,0.18182,1.0331,0.81818,1,0.1512,0,0.15,0.1512
350,350,0.58333,0.065692,-0.0023145,0.58316,-0.023562,0.017116,1,0.0066959,0.9933,0.038051,0.68464,0.0005786,0.0068813,0.013114,0.00027323,0.00051622,20.349,22.866,1.3939e+07,1.3941e+07,0,0.18182,1.0325,0.81818,1,0.1514,0,0.15,0.1514
350,350,0.5828,0.066128,-0.0023419,0.58262,-0.023132,0.017017,1,0.0066937,0.99331,0.037942,0.68238,0.0005786,0.0068518,0.013057,0.00027245,0.00051451,20.354,22.875,1.3939e+07,1.3941e+07,0,0.18182,1.032,0.81818,1,0.1516,0,0.15,0.1516
350,350,0.58227,0.066564,-0.0023692,0.58207,-0.022701,0.016918,1,0.0066914,0.99331,0.037834,0.68011,0.00057859,0.0068223,0.013,0.00027167,0.0005128,20.359,22.884,1.3939e+07,1.3941e+07,0,0.18182,1.0314,0.81818,1,0.1518,0,0.15,0.1518
350,350,0.58173,0.067,-0.0023966,0.58153,-0.022271,0.016819,1,0.0066892,0.99331,0.037725,0.67784,0.00057859,0.0067928,0.012943,0.00027089,0.00051109,20.365,22.893,1.3939e+07,1.3941e+07,0,0.18182,1.0309,0.81818,1,0.152,0,0.15,0.152
350,350,0.5812,0.067436,-0.002424,0.58099,-0.02184,0.016719,1,0.0066869,0.99331,0.037616,0.67557,0.00057859,0.0067633,0.012886,0.00027011,0.00050938,20.37,22.902,1.3939e+07,1.3941e+07,0,0.18182,1.0303,0.81818,1,0.1522,0,0.15,0.1522
350,350,0.58067,0.067872,-0.0024514,0.58045,-0.021409,0.01662,1,0.0066847,0.99332,0.037507,0.6733,0.00057859,0.0067338,0.012829,0.00026932,0.00050767,20.375,22.911,1.3939e+07,1.3941e+07,0,0.18182,1.0298,0.81818,1,0.1524,0,0.15,0.1524
350,350,0.58014,0.068308,-0.0024788,0.57991,-0.020979,0.016521,1,0.0066824,0.99332,0.037398,0.67104,0.00057859,0.0067043,0.012772,0.00026854,0.00050596,20.38,22.921,1.3939e+07,1.3941e+07,0,0.18182,1.0292,0.81818,1,0.1526,0,0.15,0.1526
350,350,0.57961,0.068744,-0.0025062,0.57936,-0.020548,0.016422,1,0.0066802,0.99332,0.037289,0.66877,0.00057859,0.0066748,0.012716,0.00026776,0.00050425,20.386,22.93,1.3939e+07,1.3941e+07,0,0.18182,1.0286,0.81818,1,0.1528,0,0.15,0.1528
350,350,0.57908,0.06918,-0.0025336,0.57882,-0.020118,0.016323,1,0.006678,0.99332,0.03718,0.6665,0.00057859,0.0066453,0.012659,0.00026698,0.00050254,20.391,22.939,1.3939e+07,1.3941e+07,0,0.18182,1.0281,0.81818,1,0.153,0,0.15,0.153
350,350,0.57854,0.069616,-0.002561,0.57828,-0.019687,0.016223,1,0.0066757,0.99332,0.037071,0.66423,0.00057859,0.0066158,0.012602,0.0002662,0.00050083,20.396,22.948,1.3939e+07,1.3941e+07,0,0.18182,1.0275,0.81818,1,0.1532,0,0.15,0.1532
350,350,0.57801,0.070052,-0.0025884,0.57774,-0.019256,0.016124,1,0.0066735,0.99333,0.036962,0.66196,0.00057859,0.0065863,0.012545,0.00026541,0.00049911,20.401,22.957,1.3939e+07,1.3941e+07,0,0.18182,1.027,0.81818,1,0.1534,0,0.15,0.1534
350,350,0.57748,0.070489,-0.0026158,0.57719,-0.018826,0.016025,1,0.0066712,0.99333,0.036853,0.65969,0.00057859,0.0065568,0.012488,0.00026463,0.0004974,20.407,22.966,1.3939e+07,1.3941e+07,0,0.18182,1.0264,0.81818,1,0.1536,0,0.15,0.1536
350,350,0.57695,0.070925,-0.0026432,0.57665,-0.018395,0.015926,1,0.006669,0.99333,0.036745,0.65742,0.00057859,0.0065273,0.012431,0.00026385,0.00049569,20.412,22.975,1.3939e+07,1.3941e+07,0,0.18182,1.0259,0.81818,1,0.1538,0,0.15,0.1538
350,350,0.57642,0.071361,-0.0026707,0.57611,-0.017964,0.015826,1,0.0066667,0.99333,0.036636,0.65516,0.00057859,0.0064978,0.012374,0.00026307,0.00049398,20.417,22.984,1.3939e+07,1.3941e+07,0,0.18182,1.0253,0.81818,1,0.154,0,0.15,0.154
350,350,0.57589,0.071797,-0.0026981,0.57557,-0.017534,0.015727,1,0.0066645,0.99334,0.036527,0.65289,0.00057859,0.0064683,0.012318,0.00026229,0.00049227,20.422,22.993,1.3939e+07,1.3941e+07,0,0.18182,1.0247,0.81818,1,0.1542,0,0.15,0.1542
350,350,0.57535,0.072233,-0.0027256,0.57503,-0.017103,0.015628,1,0.0066622,0.99334,0.036418,0.65062,0.00057859,0.0064388,0.012261,0.0002615,0.00049056,20.428,23.002,1.3939e+07,1.3941e+07,0,0.18182,1.0242,0.81818,1,0.1544,0,0.15,0.1544
350,350,0.57482,0.072669,-0.002753,0.57448,-0.016672,0.015529,1,0.00666,0.99334,0.036309,0.64835,0.00057859,0.0064093,0.012204,0.00026072,0.00048885,20.433,23.011,1.3939e+07,1.3941e+07,0,0.18182,1.0236,0.81818,1,0.1546,0,0.15,0.1546
350,350,0.57429,0.073105,-0.0027805,0.57394,-0.016242,0.015429,1,0.0066577,0.99334,0.0362,0.64608,0.00057859,0.0063798,0.012147,0.00025994,0.00048714,20.438,23.021,1.3939e+07,1.3941e+07,0,0.18182,1.0231,0.81818,1,0.1548,0,0.15,0.1548
350,350,0.57376,0.073541,-0.002808,0.5734,-0.015811,0.01533,1,0.0066555,0.99334,0.036091,0.64381,0.00057859,0.0063502,0.01209,0.00025916,0.00048543,20.443,23.03,1.3939e+07,1.3941e+07,0,0.18182,1.0225,0.81818,1,0.155,0,0.15,0.155
350,350,0.57323,0.073978,-0.0028354,0.57286,-0.01538,0.015231,1,0.0066533,0.99335,0.035982,0.64154,0.00057859,0.0063207,0.012033,0.00025838,0.00048372,20.448,23.039,1.3939e+07,1.3941e+07,0,0.18182,1.022,0.81818,1,0.1552,0,0.15,0.1552
350,350,0.5727,0.074414,-0.0028629,0.57231,-0.01495,0.015131,1,0.006651,0.99335,0.035873,0.63928,0.00057859,0.0062912,0.011976,0.00025759,0.00048201,20.454,23.048,1.3939e+07,1.3941e+07,0,0.18182,1.0214,0.81818,1,0.1554,0,0.15,0.1554
350,350,0.57216,0.07485,-0.0028904,0.57177,-0.014519,0.015032,1,0.0066488,0.99335,0.035764,0.63701,0.00057859,0.0062617,0.01192,0.00025681,0.0004803,20.459,23.057,1.3939e+07,1.3941e+07,0,0.18182,1.0208,0.81818,1,0.1556,0,0.15,0.1556
350,350,0.57163,0.075286,-0.0029179,0.57123,-0.014088,0.014933,1,0.0066465,0.99335,0.035655,0.63474,0.00057859,0.0062322,0.011863,0.00025603,0.00047859,20.464,23.066,1.3939e+07,1.3941e+07,0,0.18182,1.0203,0.81818,1,0.1558,0,0.15,0.1558
350,350,0.5711,0.075722,-0.0029455,0.57069,-0.013657,0.014833,1,0.0066443,0.99336,0.035546,0.63247,0.00057859,0.0062027,0.011806,0.00025525,0.00047688,20.469,23.075,1.3939e+07,1.3941e+07,0,0.18182,1.0197,0.81818,1,0.156,0,0.15,0.156
350,350,0.57057,0.076159,-0.002973,0.57015,-0.013227,0.014734,1,0.006642,0.99336,0.035438,0.6302,0.00057859,0.0061732,0.011749,0.00025446,0.00047517,20.475,23.084,1.3939e+07,1.3941e+07,0,0.18182,1.0192,0.81818,1,0.1562,0,0.15,0.1562
350,350,0.57004,0.076595,-0.0030005,0.5696,-0.012796,0.014635,1,0.0066398,0.99336,0.035329,0.62793,0.00057859,0.0061437,0.011692,0.00025368,0.00047346,20.48,23.093,1.3939e+07,1.3941e+07,0,0.18182,1.0186,0.81818,1,0.1564,0,0.15,0.1564
350,350,0.5695,0.077031,-0.003028,0.56906,-0.012365,0.014535,1,0.0066375,0.99336,0.03522,0.62566,0.00057859,0.0061142,0.011635,0.0002529,0.00047175,20.485,23.102,1.3939e+07,1.3941e+07,0,0.18182,1.0181,0.81818,1,0.1566,0,0.15,0.1566
350,350,0.56897,0.077467,-0.0030556,0.56852,-0.011934,0.014436,1,0.0066353,0.99336,0.035111,0.62339,0.00057859,0.0060847,0.011578,0.00025212,0.00047003,20.49,23.112,1.3939e+07,1.3941e+07,0,0.18182,1.0175,0.81818,1,0.1568,0,0.15,0.1568
350,350,0.56844,0.077903,-0.0030831,0.56798,-0.011504,0.014336,1,0.0066331,0.99337,0.035002,0.62112,0.00057859,0.0060552,0.011522,0.00025134,0.00046832,20.496,23.121,1.3939e+07,1.3941e+07,0,0.18182,1.0169,0.81818,1,0.157,0,0.15,0.157
350,350,0.56791,0.07834,-0.0031107,0.56743,-0.011073,0.014237,1,0.0066308,0.99337,0.034893,0.61886,0.00057859,0.0060256,0.011465,0.00025055,0.00046661,20.501,23.13,1.3939e+07,1.3941e+07,0,0.18182,1.0164,0.81818,1,0.1572,0,0.15,0.1572
350,350,0.56738,0.078776,-0.0031382,0.56689,-0.010642,0.014138,1,0.0066286,0.99337,0.034784,0.61659,0.00057859,0.0059961,0.011408,0.00024977,0.0004649,20.506,23.139,1.3939e+07,1.3941e+07,0,0.18182,1.0158,0.81818,1,0.1574,0,0.15,0.1574
350,350,0.56685,0.079212,-0.0031658,0.56635,-0.010211,0.014038,1,0.0066263,0.99337,0.034675,0.61432,0.00057859,0.0059666,0.011351,0.00024899,0.00046319,20.511,23.148,1.3939e+07,1.3941e+07,0,0.18182,1.0153,0.81818,1,0.1576,0,0.15,0.1576
350,350,0.56631,0.079648,-0.0031934,0.56581,-0.0097806,0.013939,1,0.0066241,0.99338,0.034566,0.61205,0.00057859,0.0059371,0.011294,0.00024821,0.00046148,20.517,23.157,1.3939e+07,1.3941e+07,0,0.18182,1.0147,0.81818,1,0.1578,0,0.15,0.1578
350,350,0.56578,0.080085,-0.0032209,0.56526,-0.0093498,0.013839,1,0.0066218,0.99338,0.034457,0.60978,0.00057859,0.0059076,0.011237,0.00024742,0.00045977,20.522,23.166,1.3939e+07,1.3941e+07,0,0.18182,1.0142,0.81818,1,0.158,0,0.15,0.158
350,350,0.56525,0.080521,-0.0032485,0.56472,-0.008919,0.01374,1,0.0066196,0.99338,0.034348,0.60751,0.00057859,0.0058781,0.01118,0.00024664,0.00045806,20.527,23.175,1.3939e+07,1.3941e+07,0,0.18182,1.0136,0.81818,1,0.1582,0,0.15,0.1582
350,350,0.56472,0.080957,-0.0032761,0.56418,-0.0084882,0.013641,1,0.0066173,0.99338,0.034239,0.60524,0.00057859,0.0058486,0.011124,0.00024586,0.00045635,20.532,23.184,1.3939e+07,1.3941e+07,0,0.18182,1.013,0.81818,1,0.1584,0,0.15,0.1584
350,350,0.56419,0.081393,-0.0033037,0.56364,-0.0080574,0.013541,1,0.0066151,0.99338,0.03413,0.60297,0.00057859,0.0058191,0.011067,0.00024508,0.00045464,20.537,23.194,1.3939e+07,1.3941e+07,0,0.18182,1.0125,0.81818,1,0.1586,0,0.15,0.1586
350,350,0.56365,0.08183,-0.0033313,0.5631,-0.0076266,0.013442,1,0.0066129,0.99339,0.034021,0.6007,0.00057859,0.0057895,0.01101,0.00024429,0.00045293,20.543,23.203,1.3939e+07,1.3941e+07,0,0.18182,1.0119,0.81818,1,0.1588,0,0.15,0.1588
350,350,0.56312,0.082266,-0.0033589,0.56255,-0.0071957,0.013342,1,0.0066106,0.99339,0.033912,0.59843,0.00057859,0.00576,0.010953,0.00024351,0.00045121,20.548,23.212,1.3939e+07,1.3941e+07,0,0.18182,1.0114,0.81818,1,0.159,0,0.15,0.159
350,350,0.56259,0.082702,-0.0033866,0.56201,-0.0067649,0.013243,1,0.0066084,0.99339,0.033803,0.59616,0.00057859,0.0057305,0.010896,0.00024273,0.0004495,20.553,23.221,1.3939e+07,1.3941e+07,0,0.18182,1.0108,0.81818,1,0.1592,0,0.15,0.1592
350,350,0.56206,0.083139,-0.0034142,0.56147,-0.0063341,0.013143,1,0.0066061,0.99339,0.033694,0.59389,0.00057859,0.005701,0.010839,0.00024195,0.00044779,20.558,23.23,1.3939e+07,1.3941e+07,0,0.18182,1.0103,0.81818,1,0.1594,0,0.15,0.1594
350,350,0.56153,0.083575,-0.0034418,0.56093,-0.0059033,0.013044,1,0.0066039,0.9934,0.033585,0.59163,0.00057859,0.0056715,0.010782,0.00024116,0.00044608,20.564,23.239,1.3939e+07,1.3941e+07,0,0.18182,1.0097,0.81818,1,0.1596,0,0.15,0.1596
350,350,0.56099,0.084011,-0.0034694,0.56038,-0.0054724,0.012944,1,0.0066016,0.9934,0.033476,0.58936,0.00057859,0.005642,0.010725,0.00024038,0.00044437,20.569,23.248,1.3939e+07,1.3941e+07,0,0.18182,1.0091,0.81818,1,0.1598,0,0.15,0.1598
350,350,0.56046,0.084448,-0.0034971,0.55984,-0.0050416,0.012845,1,0.0065994,0.9934,0.033368,0.58709,0.00057859,0.0056125,0.010669,0.0002396,0.00044266,20.574,23.257,1.3939e+07,1.3941e+07,0,0.18182,1.0086,0.81818,1,0.16,0,0.15,0.16
350,350,0.55993,0.084884,-0.0035247,0.5593,-0.0046107,0.012745,1,0.0065971,0.9934,0.033259,0.58482,0.00057859,0.0055829,0.010612,0.00023882,0.00044095,20.579,23.266,1.3939e+07,1.3941e+07,0,0.18182,1.008,0.81818,1,0.1602,0,0.15,0.1602
350,350,0.5594,0.08532,-0.0035524,0.55876,-0.0041799,0.012646,1,0.0065949,0.99341,0.03315,0.58255,0.00057859,0.0055534,0.010555,0.00023803,0.00043924,20.585,23.275,1.3939e+07,1.3941e+07,0,0.18182,1.0075,0.81818,1,0.1604,0,0.15,0.1604
350,350,0.55887,0.085756,-0.0035801,0.55821,-0.003749,0.012546,1,0.0065927,0.99341,0.033041,0.58028,0.00057859,0.0055239,0.010498,0.00023725,0.00043753,20.59,23.285,1.3939e+07,1.3941e+07,0,0.18182,1.0069,0.81818,1,0.1606,0,0.15,0.1606
350,350,0.55833,0.086193,-0.0036077,0.55767,-0.0033181,0.012447,1,0.0065904,0.99341,0.032932,0.57801,0.00057859,0.0054944,0.010441,0.00023647,0.00043581,20.595,23.294,1.3939e+07,1.3941e+07,0,0.18182,1.0064,0.81818,1,0.1608,0,0.15,0.1608
350,350,0.5578,0.086629,-0.0036354,0.55713,-0.0028872,0.012347,1,0.0065882,0.99341,0.032823,0.57574,0.00057859,0.0054649,0.010384,0.00023569,0.0004341,20.6,23.303,1.3939e+07,1.3941e+07,0,0.18182,1.0058,0.81818,1,0.161,0,0.15,0.161
350,350,0.55732,0.087224,-0.0037105,0.55664,-0.0022985,0.012211,1,0.0065842,0.99342,0.032681,0.57294,0.00057859,0.0054361,0.010327,0.00023467,0.00043199,20.619,23.323,1.3939e+07,1.3941e+07,0,0.18182,1.0046,0.81818,1,0.1612,0,0.15,0.1612
350,350,0.5569,0.088041,-0.0038519,0.55621,-0.0014887,0.012024,1,0.0065777,0.99342,0.032494,0.5694,0.00057859,0.0054085,0.010269,0.00023333,0.00042933,20.655,23.36,1.3939e+07,1.3941e+07,0,0.18182,1.0026,0.81818,1,0.1614,0,0.15,0.1614
350,350,0.55648,0.088857,-0.0039934,0.55578,-0.00067897,0.011837,1,0.0065712,0.99343,0.032307,0.56586,0.00057859,0.0053808,0.010211,0.00023199,0.00042666,20.692,23.396,1.3939e+07,1.3941e+07,0,0.18182,1.0006,0.81818,1,0.1616,0,0.15,0.1616
350,350,0.55606,0.089674,-0.0041348,0.55536,0.00013074,0.01165,1,0.0065647,0.99344,0.03212,0.56233,0.00057859,0.0053532,0.010153,0.00023064,0.00042399,20.728,23.433,1.3939e+07,1.3941e+07,0,0.18182,0.99865,0.81818,1,0.1618,0,0.15,0.1618
350,350,0.55564,0.090491,-0.0042762,0.55493,0.00094053,0.011462,1,0.0065582,0.99344,0.031933,0.55879,0.00057859,0.0053255,0.010096,0.0002293,0.00042132,20.765,23.469,1.3939e+07,1.3941e+07,0,0.18182,0.99666,0.81818,1,0.162,0,0.15,0.162
350,350,0.55523,0.091308,-0.0044177,0.5545,0.0017503,0.011275,1,0.0065517,0.99345,0.031746,0.55525,0.00057859,0.0052979,0.010038,0.00022796,0.00041865,20.801,23.506,1.3939e+07,1.3941e+07,0,0.18182,0.99466,0.81818,1,0.1622,0,0.15,0.1622
350,350,0.55481,0.092124,-0.0045591,0.55408,0.0025601,0.011088,1,0.0065452,0.99345,0.031559,0.55171,0.00057859,0.0052702,0.0099798,0.00022662,0.00041599,20.838,23.542,1.3939e+07,1.3941e+07,0,0.18182,0.99267,0.81818,1,0.1624,0,0.15,0.1624
350,350,0.55439,0.092941,-0.0047006,0.55365,0.0033699,0.0109,1,0.0065387,0.99346,0.031373,0.54817,0.00057859,0.0052426,0.009922,0.00022527,0.00041332,20.875,23.579,1.3939e+07,1.3941e+07,0,0.18182,0.99067,0.81818,1,0.1626,0,0.15,0.1626
350,350,0.55397,0.093758,-0.0048421,0.55323,0.0041797,0.010713,1,0.0065322,0.99347,0.031186,0.54463,0.00057859,0.0052149,0.0098641,0.00022393,0.00041065,20.911,23.616,1.3939e+07,1.3941e+07,0,0.18182,0.98868,0.81818,1,0.1628,0,0.15,0.1628
350,350,0.55355,0.094575,-0.0049835,0.5528,0.0049895,0.010526,1,0.0065257,0.99347,0.030999,0.54109,0.00057859,0.0051873,0.0098063,0.00022259,0.00040798,20.948,23.652,1.3939e+07,1.3941e+07,0,0.18182,0.98668,0.81818,1,0.163,0,0.15,0.163
350,350,0.55313,0.095391,-0.005125,0.55237,0.0057993,0.010339,1,0.0065192,0.99348,0.030812,0.53756,0.00057859,0.0051596,0.0097484,0.00022125,0.00040531,20.984,23.689,1.3939e+07,1.3941e+07,0,0.18182,0.98469,0.81818,1,0.1632,0,0.15,0.1632
350,350,0.55272,0.096208,-0.0052665,0.55195,0.0066091,0.010151,1,0.0065128,0.99349,0.030625,0.53402,0.00057859,0.005132,0.0096906,0.0002199,0.00040264,21.021,23.725,1.3939e+07,1.3941e+07,0,0.18182,0.98269,0.81818,1,0.1634,0,0.15,0.1634
350,350,0.5523,0.097025,-0.005408,0.55152,0.0074189,0.009964,1,0.0065063,0.99349,0.030438,0.53048,0.00057859,0.0051043,0.0096327,0.00021856,0.00039998,21.057,23.762,1.3939e+07,1.3941e+07,0,0.18182,0.9807,0.81818,1,0.1636,0,0.15,0.1636
350,350,0.55188,0.097842,-0.0055494,0.55109,0.0082287,0.0097767,1,0.0064998,0.9935,0.030251,0.52694,0.00057859,0.0050767,0.0095749,0.00021722,0.00039731,21.094,23.798,1.3939e+07,1.3941e+07,0,0.18182,0.97871,0.81818,1,0.1638,0,0.15,0.1638
350,350,0.55146,0.098659,-0.0056909,0.55067,0.0090386,0.0095894,1,0.0064933,0.99351,0.030064,0.5234,0.00057859,0.005049,0.009517,0.00021588,0.00039464,21.13,23.835,1.3939e+07,1.3941e+07,0,0.18182,0.97671,0.81818,1,0.164,0,0.15,0.164
350,350,0.55104,0.099475,-0.0058324,0.55024,0.0098484,0.0094021,1,0.0064868,0.99351,0.029877,0.51986,0.00057859,0.0050213,0.0094592,0.00021454,0.00039197,21.167,23.871,1.3939e+07,1.3941e+07,0,0.18182,0.97472,0.81818,1,0.1642,0,0.15,0.1642
350,350,0.55062,0.10029,-0.0059739,0.54981,0.010658,0.0092147,1,0.0064803,0.99352,0.02969,0.51632,0.00057859,0.0049937,0.0094013,0.00021319,0.00038931,21.204,23.908,1.3939e+07,1.3941e+07,0,0.18182,0.97272,0.81818,1,0.1644,0,0.15,0.1644
350,350,0.55021,0.10111,-0.0061154,0.54939,0.011468,0.0090274,1,0.0064738,0.99353,0.029503,0.51279,0.00057859,0.004966,0.0093435,0.00021185,0.00038664,21.24,23.944,1.3939e+07,1.3941e+07,0,0.18182,0.97073,0.81818,1,0.1646,0,0.15,0.1646
350,350,0.54979,0.10193,-0.006257,0.54896,0.012278,0.0088401,1,0.0064673,0.99353,0.029316,0.50925,0.00057859,0.0049384,0.0092856,0.00021051,0.00038397,21.277,23.981,1.3939e+07,1.3941e+07,0,0.18182,0.96873,0.81818,1,0.1648,0,0.15,0.1648
350,350,0.54937,0.10274,-0.0063985,0.54854,0.013088,0.0086527,1,0.0064608,0.99354,0.029129,0.50571,0.00057859,0.0049107,0.0092278,0.00020917,0.0003813,21.313,24.017,1.3939e+07,1.3941e+07,0,0.18182,0.96674,0.81818,1,0.165,0,0.15,0.165
350,350,0.54895,0.10356,-0.00654,0.54811,0.013898,0.0084654,1,0.0064543,0.99355,0.028942,0.50217,0.00057859,0.0048831,0.0091699,0.00020782,0.00037863,21.35,24.054,1.3939e+07,1.3941e+07,0,0.18182,0.96474,0.81818,1,0.1652,0,0.15,0.1652
350,350,0.54853,0.10438,-0.0066815,0.54768,0.014708,0.0082781,1,0.0064478,0.99355,0.028755,0.49863,0.00057859,0.0048554,0.0091121,0.00020648,0.00037597,21.386,24.09,1.3939e+07,1.3941e+07,0,0.18182,0.96275,0.81818,1,0.1654,0,0.15,0.1654
350,350,0.54811,0.10519,-0.006823,0.54726,0.015517,0.0080907,1,0.0064414,0.99356,0.028568,0.49509,0.00057859,0.0048278,0.0090542,0.00020514,0.0003733,21.423,24.127,1.3939e+07,1.3941e+07,0,0.18182,0.96075,0.81818,1,0.1656,0,0.15,0.1656
350,350,0.54769,0.10601,-0.0069646,0.54683,0.016327,0.0079033,1,0.0064349,0.99357,0.028381,0.49156,0.00057859,0.0048001,0.0089963,0.0002038,0.00037063,21.46,24.163,1.3939e+07,1.3941e+07,0,0.18182,0.95876,0.81818,1,0.1658,0,0.15,0.1658
350,350,0.54728,0.10683,-0.0071061,0.5464,0.017137,0.007716,1,0.0064284,0.99357,0.028194,0.48802,0.00057859,0.0047725,0.0089385,0.00020245,0.00036796,21.496,24.2,1.3939e+07,1.3941e+07,0,0.18182,0.95676,0.81818,1,0.166,0,0.15,0.166
350,350,0.54686,0.10764,-0.0072477,0.54598,0.017947,0.0075286,1,0.0064219,0.99358,0.028008,0.48448,0.00057859,0.0047448,0.0088806,0.00020111,0.00036529,21.533,24.236,1.3939e+07,1.3941e+07,0,0.18182,0.95477,0.81818,1,0.1662,0,0.15,0.1662
350,350,0.54644,0.10846,-0.0073892,0.54555,0.018757,0.0073413,1,0.0064154,0.99358,0.027821,0.48094,0.00057859,0.0047171,0.0088228,0.00019977,0.00036263,21.569,24.273,1.3939e+07,1.3941e+07,0,0.18182,0.95277,0.81818,1,0.1664,0,0.15,0.1664
350,350,0.54602,0.10928,-0.0075308,0.54513,0.019567,0.0071539,1,0.0064089,0.99359,0.027634,0.4774,0.00057859,0.0046895,0.0087649,0.00019843,0.00035996,21.606,24.31,1.3939e+07,1.3941e+07,0,0.18182,0.95078,0.81818,1,0.1666,0,0.15,0.1666
350,350,0.5456,0.11009,-0.0076723,0.5447,0.020377,0.0069665,1,0.0064024,0.9936,0.027447,0.47386,0.00057859,0.0046618,0.0087071,0.00019708,0.00035729,21.642,24.346,1.3939e+07,1.3941e+07,0,0.18182,0.94878,0.81818,1,0.1668,0,0.15,0.1668
350,350,0.54518,0.11091,-0.0078139,0.54427,0.021187,0.0067791,1,0.0063959,0.9936,0.02726,0.47033,0.00057859,0.0046342,0.0086492,0.00019574,0.00035462,21.679,24.383,1.3939e+07,1.3941e+07,0,0.18182,0.94679,0.81818,1,0.167,0,0.15,0.167
350,350,0.54477,0.11173,-0.0079555,0.54385,0.021997,0.0065917,1,0.0063894,0.99361,0.027073,0.46679,0.00057859,0.0046065,0.0085913,0.0001944,0.00035195,21.715,24.419,1.3939e+07,1.3941e+07,0,0.18182,0.94479,0.81818,1,0.1672,0,0.15,0.1672
350,350,0.54435,0.11255,-0.008097,0.54342,0.022807,0.0064043,1,0.0063829,0.99362,0.026886,0.46325,0.00057859,0.0045789,0.0085335,0.00019306,0.00034929,21.752,24.456,1.3939e+07,1.3941e+07,0,0.18182,0.9428,0.81818,1,0.1674,0,0.15,0.1674
350,350,0.54393,0.11336,-0.0082386,0.54299,0.023617,0.0062169,1,0.0063764,0.99362,0.026699,0.45971,0.00057859,0.0045512,0.0084756,0.00019172,0.00034662,21.789,24.492,1.3939e+07,1.3941e+07,0,0.18182,0.9408,0.81818,1,0.1676,0,0.15,0.1676
350,350,0.54351,0.11418,-0.0083802,0.54257,0.024427,0.0060295,1,0.0063699,0.99363,0.026512,0.45617,0.00057859,0.0045235,0.0084178,0.00019037,0.00034395,21.825,24.529,1.3939e+07,1.3941e+07,0,0.18182,0.93881,0.81818,1,0.1678,0,0.15,0.1678
350,350,0.54309,0.115,-0.0085218,0.54214,0.025237,0.0058421,1,0.0063635,0.99364,0.026325,0.45264,0.00057859,0.0044959,0.0083599,0.00018903,0.00034128,21.862,24.565,1.3939e+07,1.3941e+07,0,0.18182,0.93681,0.81818,1,0.168,0,0.15,0.168
350,350,0.54267,0.11581,-0.0086634,0.54171,0.026047,0.0056547,1,0.006357,0.99364,0.026138,0.4491,0.00057859,0.0044682,0.0083021,0.00018769,0.00033862,21.898,24.602,1.3939e+07,1.3941e+07,0,0.18182,0.93482,0.81818,1,0.1682,0,0.15,0.1682
350,350,0.54225,0.11663,-0.008805,0.54129,0.026857,0.0054673,1,0.0063505,0.99365,0.025951,0.44556,0.00057859,0.0044406,0.0082442,0.00018635,0.00033595,21.935,24.638,1.3939e+07,1.3941e+07,0,0.18182,0.93282,0.81818,1,0.1684,0,0.15,0.1684
350,350,0.54184,0.11745,-0.0089466,0.54086,0.027667,0.0052798,1,0.006344,0.99366,0.025764,0.44202,0.00057859,0.0044129,0.0081863,0.000185,0.00033328,21.971,24.675,1.3939e+07,1.3941e+07,0,0.18182,0.93083,0.81818,1,0.1686,0,0.15,0.1686
350,350,0.54142,0.11826,-0.0090882,0.54044,0.028476,0.0050924,1,0.0063375,0.99366,0.025577,0.43848,0.00057859,0.0043852,0.0081285,0.00018366,0.00033061,22.008,24.711,1.3939e+07,1.3941e+07,0,0.18182,0.92883,0.81818,1,0.1688,0,0.15,0.1688
350,350,0.541,0.11908,-0.0092298,0.54001,0.029286,0.004905,1,0.006331,0.99367,0.02539,0.43494,0.00057859,0.0043576,0.0080706,0.00018232,0.00032794,22.044,24.748,1.3939e+07,1.3941e+07,0,0.18182,0.92684,0.81818,1,0.169,0,0.15,0.169
350,350,0.54058,0.1199,-0.0093714,0.53958,0.030096,0.0047175,1,0.0063245,0.99368,0.025204,0.43141,0.00057859,0.0043299,0.0080128,0.00018098,0.00032528,22.081,24.784,1.3939e+07,1.3941e+07,0,0.18182,0.92484,0.81818,1,0.1692,0,0.15,0.1692
350,350,0.54016,0.12071,-0.009513,0.53916,0.030906,0.0045301,1,0.006318,0.99368,0.025017,0.42787,0.00057859,0.0043023,0.0079549,0.00017963,0.00032261,22.118,24.821,1.3939e+07,1.3941e+07,0,0.18182,0.92285,0.81818,1,0.1694,0,0.15,0.1694
350,350,0.53974,0.12153,-0.0096547,0.53873,0.031717,0.0043426,1,0.0063115,0.99369,0.02483,0.42433,0.00057859,0.0042746,0.007897,0.00017829,0.00031994,22.154,24.857,1.3939e+07,1.3941e+07,0,0.18182,0.92085,0.81818,1,0.1696,0,0.15,0.1696
350,350,0.53932,0.12235,-0.0097963,0.5383,0.032526,0.0041552,1,0.006305,0.99369,0.024643,0.42079,0.00057859,0.0042469,0.0078392,0.00017695,0.00031727,22.191,24.894,1.3939e+07,1.3941e+07,0,0.18182,0.91886,0.81818,1,0.1698,0,0.15,0.1698
350,350,0.53891,0.12317,-0.0099379,0.53788,0.033337,0.0039677,1,0.0062985,0.9937,0.024456,0.41725,0.00057859,0.0042193,0.0077813,0.00017561,0.00031461,22.227,24.931,1.3939e+07,1.3941e+07,0,0.18182,0.91686,0.81818,1,0.17,0,0.15,0.17
350,350,0.53849,0.12398,-0.01008,0.53745,0.034147,0.0037803,1,0.0062921,0.99371,0.024269,0.41372,0.00057859,0.0041916,0.0077234,0.00017427,0.00031194,22.264,24.967,1.3939e+07,1.3941e+07,0,0.18182,0.91487,0.81818,1,0.1702,0,0.15,0.1702
350,350,0.53807,0.1248,-0.010221,0.53702,0.034957,0.0035928,1,0.0062856,0.99371,0.024082,0.41018,0.00057859,0.004164,0.0076656,0.00017292,0.00030927,22.3,25.004,1.3939e+07,1.3941e+07,0,0.18182,0.91287,0.81818,1,0.1704,0,0.15,0.1704
350,350,0.53765,0.12562,-0.010363,0.5366,0.035767,0.0034053,1,0.0062791,0.99372,0.023895,0.40664,0.00057859,0.0041363,0.0076077,0.00017158,0.0003066,22.337,25.04,1.3939e+07,1.3941e+07,0,0.18182,0.91088,0.81818,1,0.1706,0,0.15,0.1706
350,350,0.53723,0.12643,-0.010505,0.53617,0.036577,0.0032178,1,0.0062726,0.99373,0.023708,0.4031,0.00057859,0.0041086,0.0075499,0.00017024,0.00030394,22.373,25.077,1.3939e+07,1.3941e+07,0,0.18182,0.90888,0.81818,1,0.1708,0,0.15,0.1708
350,350,0.53681,0.12725,-0.010646,0.53574,0.037387,0.0030303,1,0.0062661,0.99373,0.023521,0.39956,0.00057859,0.004081,0.007492,0.0001689,0.00030127,22.41,25.113,1.3939e+07,1.3941e+07,0,0.18182,0.90689,0.81818,1,0.171,0,0.15,0.171
350,350,0.53615,0.12813,-0.010739,0.53507,0.038258,0.0029054,1,0.0062574,0.99374,0.023337,0.3961,0.00057859,0.0040567,0.0074391,0.00016757,0.00029865,22.491,25.193,1.3939e+07,1.3941e+07,0,0.18182,0.90524,0.81818,1,0.1712,0,0.15,0.1712
350,350,0.53542,0.12902,-0.01082,0.53434,0.039145,0.0027957,1,0.0062481,0.99375,0.023153,0.39265,0.00057859,0.0040333,0.0073874,0.00016625,0.00029605,22.583,25.284,1.3939e+07,1.3941e+07,0,0.18182,0.90368,0.81818,1,0.1714,0,0.15,0.1714
350,350,0.53469,0.12991,-0.010901,0.53361,0.040031,0.0026861,1,0.0062388,0.99376,0.022969,0.3892,0.00057859,0.0040099,0.0073357,0.00016493,0.00029345,22.675,25.375,1.3939e+07,1.3941e+07,0,0.18182,0.90212,0.81818,1,0.1716,0,0.15,0.1716
350,350,0.53396,0.13081,-0.010982,0.53288,0.040918,0.0025764,1,0.0062296,0.99377,0.022786,0.38575,0.00057859,0.0039865,0.007284,0.00016362,0.00029085,22.767,25.466,1.3939e+07,1.3941e+07,0,0.18182,0.90056,0.81818,1,0.1718,0,0.15,0.1718
350,350,0.53323,0.1317,-0.011063,0.53215,0.041804,0.0024668,1,0.0062203,0.99378,0.022602,0.3823,0.00057859,0.0039632,0.0072323,0.0001623,0.00028825,22.859,25.557,1.3939e+07,1.3941e+07,0,0.18182,0.89899,0.81818,1,0.172,0,0.15,0.172
350,350,0.5325,0.13259,-0.011144,0.53142,0.042691,0.0023572,1,0.006211,0.99379,0.022418,0.37885,0.00057859,0.0039398,0.0071806,0.00016098,0.00028565,22.951,25.647,1.3939e+07,1.3941e+07,0,0.18182,0.89743,0.81818,1,0.1722,0,0.15,0.1722
350,350,0.53177,0.13349,-0.011225,0.53069,0.043577,0.0022475,1,0.0062018,0.9938,0.022235,0.3754,0.00057859,0.0039164,0.007129,0.00015966,0.00028305,23.043,25.738,1.3939e+07,1.3941e+07,0,0.18182,0.89587,0.81818,1,0.1724,0,0.15,0.1724
350,350,0.53104,0.13438,-0.011306,0.52996,0.044464,0.0021379,1,0.0061925,0.99381,0.022051,0.37195,0.00057859,0.003893,0.0070773,0.00015834,0.00028045,23.135,25.829,1.3939e+07,1.3941e+07,0,0.18182,0.89431,0.81818,1,0.1726,0,0.15,0.1726
350,350,0.53031,0.13527,-0.011386,0.52923,0.04535,0.0020283,1,0.0061832,0.99382,0.021867,0.3685,0.00057859,0.0038696,0.0070256,0.00015702,0.00027785,23.226,25.92,1.3939e+07,1.3941e+07,0,0.18182,0.89275,0.81818,1,0.1728,0,0.15,0.1728
350,350,0.52958,0.13617,-0.011467,0.5285,0.046237,0.0019186,1,0.006174,0.99383,0.021684,0.36505,0.00057859,0.0038462,0.0069739,0.0001557,0.00027525,23.318,26.011,1.3939e+07,1.3941e+07,0,0.18182,0.89118,0.81818,1,0.173,0,0.15,0.173
350,350,0.52885,0.13706,-0.011548,0.52777,0.047123,0.001809,1,0.0061647,0.99384,0.0215,0.3616,0.00057859,0.0038228,0.0069222,0.00015438,0.00027265,23.41,26.102,1.3939e+07,1.3941e+07,0,0.18182,0.88962,0.81818,1,0.1732,0,0.15,0.1732
350,350,0.52812,0.13795,-0.011629,0.52704,0.04801,0.0016994,1,0.0061554,0.99384,0.021316,0.35815,0.00057859,0.0037994,0.0068705,0.00015306,0.00027005,23.502,26.192,1.3939e+07,1.3941e+07,0,0.18182,0.88806,0.81818,1,0.1734,0,0.15,0.1734
350,350,0.52739,0.13884,-0.01171,0.52631,0.048897,0.0015897,1,0.0061462,0.99385,0.021133,0.3547,0.00057859,0.003776,0.0068188,0.00015174,0.00026744,23.594,26.283,1.3939e+07,1.3941e+07,0,0.18182,0.8865,0.81818,1,0.1736,0,0.15,0.1736
350,350,0.52666,0.13974,-0.011791,0.52558,0.049783,0.0014801,1,0.0061369,0.99386,0.020949,0.35126,0.00057859,0.0037526,0.0067671,0.00015043,0.00026484,23.686,26.374,1.3939e+07,1.3941e+07,0,0.18182,0.88494,0.81818,1,0.1738,0,0.15,0.1738
350,350,0.52593,0.14063,-0.011872,0.52485,0.05067,0.0013705,1,0.0061276,0.99387,0.020765,0.34781,0.00057859,0.0037292,0.0067155,0.00014911,0.00026224,23.778,26.465,1.3939e+07,1.3941e+07,0,0.18182,0.88337,0.81818,1,0.174,0,0.15,0.174
350,350,0.5252,0.14152,-0.011953,0.52412,0.051556,0.0012608,1,0.0061184,0.99388,0.020581,0.34436,0.00057859,0.0037058,0.0066638,0.00014779,0.00025964,23.87,26.556,1.3939e+07,1.3941e+07,0,0.18182,0.88181,0.81818,1,0.1742,0,0.15,0.1742
350,350,0.52447,0.14242,-0.012034,0.52339,0.052443,0.0011512,1,0.0061091,0.99389,0.020398,0.34091,0.00057859,0.0036824,0.0066121,0.00014647,0.00025704,23.962,26.647,1.3939e+07,1.3941e+07,0,0.18182,0.88025,0.81818,1,0.1744,0,0.15,0.1744
350,350,0.52374,0.14331,-0.012115,0.52265,0.053329,0.0010416,1,0.0060998,0.9939,0.020214,0.33746,0.00057859,0.003659,0.0065604,0.00014515,0.00025444,24.054,26.737,1.3939e+07,1.3941e+07,0,0.18182,0.87869,0.81818,1,0.1746,0,0.15,0.1746
350,350,0.52301,0.1442,-0.012196,0.52192,0.054216,0.00093196,1,0.0060906,0.99391,0.02003,0.33401,0.00057859,0.0036356,0.0065087,0.00014383,0.00025184,24.146,26.828,1.3939e+07,1.3941e+07,0,0.18182,0.87713,0.81818,1,0.1748,0,0.15,0.1748
350,350,0.52228,0.1451,-0.012277,0.52119,0.055102,0.00082234,1,0.0060813,0.99392,0.019847,0.33056,0.00057859,0.0036122,0.006457,0.00014251,0.00024924,24.238,26.919,1.3939e+07,1.3941e+07,0,0.18182,0.87557,0.81818,1,0.175,0,0.15,0.175
350,350,0.52155,0.14599,-0.012358,0.52046,0.055989,0.00071271,1,0.006072,0.99393,0.019663,0.32711,0.00057859,0.0035888,0.0064053,0.00014119,0.00024664,24.33,27.01,1.3939e+07,1.3941e+07,0,0.18182,0.874,0.81818,1,0.1752,0,0.15,0.1752
350,350,0.52082,0.14688,-0.012438,0.51973,0.056875,0.00060309,1,0.0060628,0.99394,0.019479,0.32366,0.00057859,0.0035655,0.0063536,0.00013987,0.00024404,24.421,27.101,1.3939e+07,1.3941e+07,0,0.18182,0.87244,0.81818,1,0.1754,0,0.15,0.1754
350,350,0.52009,0.14778,-0.012519,0.519,0.057762,0.00049346,1,0.0060535,0.99395,0.019296,0.32021,0.00057859,0.0035421,0.006302,0.00013856,0.00024144,24.513,27.191,1.3939e+07,1.3941e+07,0,0.18182,0.87088,0.81818,1,0.1756,0,0.15,0.1756
350,350,0.51936,0.14867,-0.0126,0.51827,0.058649,0.00038385,1,0.0060442,0.99396,0.019112,0.31676,0.00057859,0.0035187,0.0062503,0.00013724,0.00023884,24.605,27.282,1.3939e+07,1.3941e+07,0,0.18182,0.86932,0.81818,1,0.1758,0,0.15,0.1758
350,350,0.51863,0.14956,-0.012681,0.51754,0.059535,0.00027422,1,0.006035,0.99397,0.018928,0.31332,0.00057859,0.0034953,0.0061986,0.00013592,0.00023624,24.697,27.373,1.3939e+07,1.3941e+07,0,0.18182,0.86776,0.81818,1,0.176,0,0.15,0.176
350,350,0.5179,0.15045,-0.012762,0.51681,0.060422,0.0001646,1,0.0060257,0.99397,0.018745,0.30987,0.00057859,0.0034719,0.0061469,0.0001346,0.00023364,24.789,27.464,1.3939e+07,1.3941e+07,0,0.18182,0.86619,0.81818,1,0.1762,0,0.15,0.1762
350,350,0.51717,0.15135,-0.012843,0.51608,0.061308,5.498e-05,1,0.0060164,0.99398,0.018561,0.30642,0.00057859,0.0034485,0.0060952,0.00013328,0.00023104,24.881,27.555,1.3939e+07,1.3941e+07,0,0.18182,0.86463,0.81818,1,0.1764,0,0.15,0.1764
350,350,0.51644,0.15224,-0.012924,0.51535,0.062195,-5.464e-05,1,0.0060072,0.99399,0.018377,0.30297,0.00057859,0.0034251,0.0060435,0.00013196,0.00022844,24.973,27.646,1.3939e+07,1.3941e+07,0,0.18182,0.86307,0.81818,1,0.1766,0,0.15,0.1766
350,350,0.51572,0.15313,-0.013005,0.51462,0.063081,-0.00016425,1,0.0059979,0.994,0.018194,0.29952,0.00057859,0.0034017,0.0059918,0.00013064,0.00022584,25.065,27.736,1.3939e+07,1.3941e+07,0,0.18182,0.86151,0.81818,1,0.1768,0,0.15,0.1768
350,350,0.51499,0.15403,-0.013086,0.51389,0.063968,-0.00027387,1,0.0059887,0.99401,0.01801,0.29607,0.00057859,0.0033783,0.0059402,0.00012932,0.00022324,25.157,27.827,1.3939e+07,1.3941e+07,0,0.18182,0.85995,0.81818,1,0.177,0,0.15,0.177
350,350,0.51426,0.15492,-0.013167,0.51316,0.064855,-0.00038349,1,0.0059794,0.99402,0.017826,0.29262,0.00057859,0.0033549,0.0058885,0.000128,0.00022063,25.249,27.918,1.3939e+07,1.3941e+07,0,0.18182,0.85838,0.81818,1,0.1772,0,0.15,0.1772
350,350,0.51353,0.15581,-0.013248,0.51243,0.065741,-0.0004931,1,0.0059701,0.99403,0.017643,0.28917,0.00057859,0.0033315,0.0058368,0.00012669,0.00021803,25.341,28.009,1.3939e+07,1.3941e+07,0,0.18182,0.85682,0.81818,1,0.1774,0,0.15,0.1774
350,350,0.5128,0.15671,-0.013328,0.5117,0.066628,-0.00060271,1,0.0059609,0.99404,0.017459,0.28572,0.00057859,0.0033081,0.0057851,0.00012537,0.00021543,25.433,28.1,1.3939e+07,1.3941e+07,0,0.18182,0.85526,0.81818,1,0.1776,0,0.15,0.1776
350,350,0.51207,0.1576,-0.013409,0.51097,0.067514,-0.00071233,1,0.0059516,0.99405,0.017275,0.28228,0.00057859,0.0032847,0.0057334,0.00012405,0.00021283,25.525,28.19,1.3939e+07,1.3941e+07,0,0.18182,0.8537,0.81818,1,0.1778,0,0.15,0.1778
350,350,0.51134,0.15849,-0.01349,0.51023,0.068401,-0.00082194,1,0.0059423,0.99406,0.017092,0.27883,0.00057859,0.0032613,0.0056817,0.00012273,0.00021023,25.617,28.281,1.3939e+07,1.3941e+07,0,0.18182,0.85214,0.81818,1,0.178,0,0.15,0.178
350,350,0.51061,0.15938,-0.013571,0.5095,0.069288,-0.00093155,1,0.0059331,0.99407,0.016908,0.27538,0.00057859,0.0032379,0.00563,0.00012141,0.00020763,25.708,28.372,1.3939e+07,1.3941e+07,0,0.18182,0.85058,0.81818,1,0.1782,0,0.15,0.1782
350,350,0.50988,0.16028,-0.013652,0.50877,0.070174,-0.0010412,1,0.0059238,0.99408,0.016724,0.27193,0.00057859,0.0032145,0.0055784,0.00012009,0.00020503,25.8,28.463,1.3939e+07,1.3941e+07,0,0.18182,0.84901,0.81818,1,0.1784,0,0.15,0.1784
350,350,0.50915,0.16117,-0.013733,0.50804,0.071061,-0.0011508,1,0.0059145,0.99409,0.016541,0.26848,0.00057859,0.0031911,0.0055267,0.00011877,0.00020243,25.892,28.554,1.3939e+07,1.3941e+07,0,0.18182,0.84745,0.81818,1,0.1786,0,0.15,0.1786
350,350,0.50842,0.16206,-0.013814,0.50731,0.071947,-0.0012604,1,0.0059053,0.99409,0.016357,0.26503,0.00057859,0.0031678,0.005475,0.00011745,0.00019983,25.984,28.644,1.3939e+07,1.3941e+07,0,0.18182,0.84589,0.81818,1,0.1788,0,0.15,0.1788
350,350,0.50769,0.16296,-0.013895,0.50658,0.072834,-0.00137,1,0.005896,0.9941,0.016173,0.26158,0.00057859,0.0031444,0.0054233,0.00011613,0.00019723,26.076,28.735,1.3939e+07,1.3941e+07,0,0.18182,0.84433,0.81818,1,0.179,0,0.15,0.179
350,350,0.50696,0.16385,-0.013976,0.50585,0.073721,-0.0014796,1,0.0058867,0.99411,0.01599,0.25814,0.00057859,0.003121,0.0053716,0.00011482,0.00019463,26.168,28.826,1.3939e+07,1.3941e+07,0,0.18182,0.84277,0.81818,1,0.1792,0,0.15,0.1792
350,350,0.50623,0.16474,-0.014057,0.50512,0.074607,-0.0015892,1,0.0058775,0.99412,0.015806,0.25469,0.00057859,0.0030976,0.0053199,0.0001135,0.00019203,26.26,28.917,1.3939e+07,1.3941e+07,0,0.18182,0.8412,0.81818,1,0.1794,0,0.15,0.1794
350,350,0.5055,0.16564,-0.014138,0.50439,0.075494,-0.0016988,1,0.0058682,0.99413,0.015622,0.25124,0.00057859,0.0030742,0.0052683,0.00011218,0.00018943,26.352,29.008,1.3939e+07,1.3941e+07,0,0.18182,0.83964,0.81818,1,0.1796,0,0.15,0.1796
350,350,0.50477,0.16653,-0.014218,0.50366,0.07638,-0.0018084,1,0.0058589,0.99414,0.015439,0.24779,0.00057859,0.0030508,0.0052166,0.00011086,0.00018683,26.444,29.099,1.3939e+07,1.3941e+07,0,0.18182,0.83808,0.81818,1,0.1798,0,0.15,0.1798
350,350,0.50404,0.16742,-0.014299,0.50293,0.077267,-0.001918,1,0.0058497,0.99415,0.015255,0.24434,0.00057859,0.0030274,0.0051649,0.00010954,0.00018423,26.536,29.189,1.3939e+07,1.3941e+07,0,0.18182,0.83652,0.81818,1,0.18,0,0.15,0.18
350,350,0.50331,0.16832,-0.01438,0.5022,0.078154,-0.0020276,1,0.0058404,0.99416,0.015071,0.24089,0.00057859,0.003004,0.0051132,0.00010822,0.00018163,26.628,29.28,1.3939e+07,1.3941e+07,0,0.18182,0.83496,0.81818,1,0.1802,0,0.15,0.1802
350,350,0.50258,0.16921,-0.014461,0.50147,0.07904,-0.0021372,1,0.0058311,0.99417,0.014888,0.23744,0.00057859,0.0029806,0.0050615,0.0001069,0.00017903,26.72,29.371,1.3939e+07,1.3941e+07,0,0.18182,0.8334,0.81818,1,0.1804,0,0.15,0.1804
350,350,0.50185,0.1701,-0.014542,0.50074,0.079927,-0.0022468,1,0.0058219,0.99418,0.014704,0.234,0.00057859,0.0029572,0.0050098,0.00010558,0.00017643,26.812,29.462,1.3939e+07,1.3941e+07,0,0.18182,0.83183,0.81818,1,0.1806,0,0.15,0.1806
350,350,0.50112,0.17099,-0.014623,0.50001,0.080813,-0.0023564,1,0.0058126,0.99419,0.014521,0.23055,0.00057859,0.0029338,0.0049582,0.00010427,0.00017383,26.903,29.553,1.3939e+07,1.3941e+07,0,0.18182,0.83027,0.81818,1,0.1808,0,0.15,0.1808
350,350,0.50028,0.17175,-0.014581,0.49917,0.081566,-0.0023552,1,0.0058065,0.99419,0.014359,0.22746,0.00057859,0.002914,0.0049122,0.00010311,0.0001715,27.043,29.7,1.3939e+07,1.3941e+07,0,0.18182,0.82934,0.81818,1,0.181,0,0.15,0.181
350,350,0.49924,0.17225,-0.014296,0.49813,0.082053,-0.0021359,1,0.0058066,0.99419,0.014242,0.22507,0.00057859,0.0029011,0.0048774,0.00010226,0.0001697,27.276,29.958,1.3939e+07,1.3941e+07,0,0.18182,0.82965,0.81818,1,0.1812,0,0.15,0.1812
350,350,0.49819,0.17275,-0.01401,0.49708,0.082541,-0.0019166,1,0.0058067,0.99419,0.014124,0.22268,0.00057859,0.0028882,0.0048426,0.00010142,0.0001679,27.51,30.216,1.3939e+07,1.3941e+07,0,0.18182,0.82996,0.81818,1,0.1814,0,0.15,0.1814
350,350,0.49714,0.17324,-0.013725,0.49604,0.083029,-0.0016973,1,0.0058068,0.99419,0.014006,0.22029,0.00057859,0.0028754,0.0048078,0.00010057,0.0001661,27.743,30.474,1.3939e+07,1.3941e+07,0,0.18182,0.83027,0.81818,1,0.1816,0,0.15,0.1816
350,350,0.49609,0.17374,-0.01344,0.49499,0.083517,-0.001478,1,0.0058069,0.99419,0.013889,0.2179,0.00057859,0.0028625,0.004773,9.973e-05,0.0001643,27.977,30.733,1.3939e+07,1.3941e+07,0,0.18182,0.83057,0.81818,1,0.1818,0,0.15,0.1818
350,350,0.49504,0.17424,-0.013155,0.49395,0.084005,-0.0012587,1,0.005807,0.99419,0.013771,0.21551,0.00057859,0.0028496,0.0047382,9.8885e-05,0.0001625,28.21,30.991,1.3939e+07,1.3941e+07,0,0.18182,0.83088,0.81818,1,0.182,0,0.15,0.182
350,350,0.49399,0.17473,-0.01287,0.49291,0.084492,-0.0010393,1,0.0058071,0.99419,0.013654,0.21312,0.00057859,0.0028368,0.0047034,9.8041e-05,0.00016069,28.443,31.249,1.3939e+07,1.3941e+07,0,0.18182,0.83119,0.81818,1,0.1822,0,0.15,0.1822
350,350,0.49294,0.17523,-0.012585,0.49186,0.08498,-0.00082,1,0.0058072,0.99419,0.013536,0.21074,0.00057859,0.0028239,0.0046686,9.7196e-05,0.00015889,28.677,31.507,1.3939e+07,1.3941e+07,0,0.18182,0.8315,0.81818,1,0.1824,0,0.15,0.1824
350,350,0.4919,0.17572,-0.0123,0.49082,0.085468,-0.00060067,1,0.0058073,0.99419,0.013418,0.20835,0.00057859,0.002811,0.0046339,9.6352e-05,0.00015709,28.91,31.765,1.3939e+07,1.3941e+07,0,0.18182,0.83181,0.81818,1,0.1826,0,0.15,0.1826
350,350,0.49085,0.17622,-0.012015,0.48977,0.085956,-0.00038134,1,0.0058075,0.99419,0.013301,0.20596,0.00057859,0.0027981,0.0045991,9.5508e-05,0.00015529,29.144,32.024,1.3939e+07,1.3941e+07,0,0.18182,0.83212,0.81818,1,0.1828,0,0.15,0.1828
350,350,0.4898,0.17672,-0.01173,0.48873,0.086443,-0.00016203,1,0.0058076,0.99419,0.013183,0.20357,0.00057859,0.0027853,0.0045643,9.4663e-05,0.00015349,29.377,32.282,1.3939e+07,1.3941e+07,0,0.18182,0.83243,0.81818,1,0.183,0,0.15,0.183
350,350,0.48875,0.17721,-0.011444,0.48769,0.086931,5.731e-05,1,0.0058077,0.99419,0.013066,0.20118,0.00057859,0.0027724,0.0045295,9.3819e-05,0.00015169,29.611,32.54,1.3939e+07,1.3941e+07,0,0.18182,0.83274,0.81818,1,0.1832,0,0.15,0.1832
350,350,0.4877,0.17771,-0.011159,0.48664,0.087419,0.00027665,1,0.0058078,0.99419,0.012948,0.19879,0.00057859,0.0027595,0.0044947,9.2975e-05,0.00014989,29.844,32.798,1.3939e+07,1.3941e+07,0,0.18182,0.83304,0.81818,1,0.1834,0,0.15,0.1834
350,350,0.48665,0.17821,-0.010874,0.4856,0.087907,0.00049599,1,0.0058079,0.99419,0.01283,0.1964,0.00057859,0.0027467,0.0044599,9.213e-05,0.00014809,30.077,33.056,1.3939e+07,1.3941e+07,0,0.18182,0.83335,0.81818,1,0.1836,0,0.15,0.1836
350,350,0.4856,0.1787,-0.010589,0.48455,0.088394,0.00071531,1,0.005808,0.99419,0.012713,0.19402,0.00057859,0.0027338,0.0044251,9.1286e-05,0.00014629,30.311,33.315,1.3939e+07,1.3941e+07,0,0.18182,0.83366,0.81818,1,0.1838,0,0.15,0.1838
350,350,0.48456,0.1792,-0.010304,0.48351,0.088882,0.00093465,1,0.0058081,0.99419,0.012595,0.19163,0.00057859,0.0027209,0.0043903,9.0441e-05,0.00014449,30.544,33.573,1.3939e+07,1.3941e+07,0,0.18182,0.83397,0.81818,1,0.184,0,0.15,0.184
350,350,0.48351,0.1797,-0.010019,0.48247,0.08937,0.001154,1,0.0058082,0.99419,0.012478,0.18924,0.00057859,0.0027081,0.0043556,8.9597e-05,0.00014268,30.778,33.831,1.3939e+07,1.3941e+07,0,0.18182,0.83428,0.81818,1,0.1842,0,0.15,0.1842
350,350,0.48246,0.18019,-0.0097337,0.48142,0.089858,0.0013733,1,0.0058083,0.99419,0.01236,0.18685,0.00057859,0.0026952,0.0043208,8.8753e-05,0.00014088,31.011,34.089,1.3939e+07,1.3941e+07,0,0.18182,0.83459,0.81818,1,0.1844,0,0.15,0.1844
350,350,0.48141,0.18069,-0.0094486,0.48038,0.090345,0.0015927,1,0.0058084,0.99419,0.012242,0.18446,0.00057859,0.0026823,0.004286,8.7908e-05,0.00013908,31.244,34.347,1.3939e+07,1.3941e+07,0,0.18182,0.8349,0.81818,1,0.1846,0,0.15,0.1846
350,350,0.48036,0.18118,-0.0091635,0.47933,0.090833,0.001812,1,0.0058085,0.99419,0.012125,0.18207,0.00057859,0.0026695,0.0042512,8.7064e-05,0.00013728,31.478,34.606,1.3939e+07,1.3941e+07,0,0.18182,0.8352,0.81818,1,0.1848,0,0.15,0.1848
350,350,0.47931,0.18168,-0.0088783,0.47829,0.091321,0.0020314,1,0.0058086,0.99419,0.012007,0.17968,0.00057859,0.0026566,0.0042164,8.622e-05,0.00013548,31.711,34.864,1.3939e+07,1.3941e+07,0,0.18182,0.83551,0.81818,1,0.185,0,0.15,0.185
350,350,0.47826,0.18218,-0.0085932,0.47725,0.091809,0.0022507,1,0.0058087,0.99419,0.01189,0.1773,0.00057859,0.0026437,0.0041816,8.5375e-05,0.00013368,31.945,35.122,1.3939e+07,1.3941e+07,0,0.18182,0.83582,0.81818,1,0.1852,0,0.15,0.1852
350,350,0.47721,0.18267,-0.008308,0.4762,0.092296,0.0024701,1,0.0058088,0.99419,0.011772,0.17491,0.00057859,0.0026309,0.0041468,8.4531e-05,0.00013188,32.178,35.38,1.3939e+07,1.3941e+07,0,0.18182,0.83613,0.81818,1,0.1854,0,0.15,0.1854
350,350,0.47617,0.18317,-0.0080229,0.47516,0.092784,0.0026894,1,0.0058089,0.99419,0.011655,0.17252,0.00057859,0.002618,0.0041121,8.3687e-05,0.00013008,32.411,35.638,1.3939e+07,1.3941e+07,0,0.18182,0.83644,0.81818,1,0.1856,0,0.15,0.1856
350,350,0.47512,0.18367,-0.0077378,0.47411,0.093272,0.0029088,1,0.005809,0.99419,0.011537,0.17013,0.00057859,0.0026051,0.0040773,8.2842e-05,0.00012828,32.645,35.897,1.3939e+07,1.3941e+07,0,0.18182,0.83675,0.81818,1,0.1858,0,0.15,0.1858
350,350,0.47407,0.18416,-0.0074526,0.47307,0.09376,0.0031282,1,0.0058091,0.99419,0.011419,0.16774,0.00057859,0.0025923,0.0040425,8.1998e-05,0.00012648,32.878,36.155,1.3939e+07,1.3941e+07,0,0.18182,0.83706,0.81818,1,0.186,0,0.15,0.186
350,350,0.47302,0.18466,-0.0071675,0.47203,0.094247,0.0033475,1,0.0058092,0.99419,0.011302,0.16535,0.00057859,0.0025794,0.0040077,8.1153e-05,0.00012468,33.112,36.413,1.3939e+07,1.3941e+07,0,0.18182,0.83737,0.81818,1,0.1862,0,0.15,0.1862
350,350,0.47197,0.18515,-0.0068824,0.47098,0.094735,0.0035669,1,0.0058094,0.99419,0.011184,0.16297,0.00057859,0.0025665,0.0039729,8.0309e-05,0.00012287,33.345,36.671,1.3939e+07,1.3941e+07,0,0.18182,0.83767,0.81818,1,0.1864,0,0.15,0.1864
350,350,0.47092,0.18565,-0.0065972,0.46994,0.095223,0.0037862,1,0.0058095,0.99419,0.011067,0.16058,0.00057859,0.0025537,0.0039381,7.9465e-05,0.00012107,33.578,36.929,1.3939e+07,1.3941e+07,0,0.18182,0.83798,0.81818,1,0.1866,0,0.15,0.1866
350,350,0.46987,0.18615,-0.0063121,0.46889,0.09571,0.0040056,1,0.0058096,0.99419,0.010949,0.15819,0.00057859,0.0025408,0.0039034,7.8621e-05,0.00011927,33.812,37.188,1.3939e+07,1.3941e+07,0,0.18182,0.83829,0.81818,1,0.1868,0,0.15,0.1868
350,350,0.46883,0.18664,-0.0060269,0.46785,0.096198,0.004225,1,0.0058097,0.99419,0.010831,0.1558,0.00057859,0.0025279,0.0038686,7.7776e-05,0.00011747,34.045,37.446,1.3939e+07,1.3941e+07,0,0.18182,0.8386,0.81818,1,0.187,0,0.15,0.187
350,350,0.46778,0.18714,-0.0057417,0.46681,0.096686,0.0044444,1,0.0058098,0.99419,0.010714,0.15341,0.00057859,0.0025151,0.0038338,7.6932e-05,0.00011567,34.279,37.704,1.3939e+07,1.3941e+07,0,0.18182,0.83891,0.81818,1,0.1872,0,0.15,0.1872
350,350,0.46673,0.18764,-0.0054566,0.46576,0.097174,0.0046637,1,0.0058099,0.99419,0.010596,0.15102,0.00057859,0.0025022,0.003799,7.6088e-05,0.00011387,34.512,37.962,1.3939e+07,1.3941e+07,0,0.18182,0.83922,0.81818,1,0.1874,0,0.15,0.1874
350,350,0.46568,0.18813,-0.0051714,0.46472,0.097661,0.0048831,1,0.00581,0.99419,0.010479,0.14864,0.00057859,0.0024893,0.0037642,7.5243e-05,0.00011207,34.746,38.22,1.3939e+07,1.3941e+07,0,0.18182,0.83953,0.81818,1,0.1876,0,0.15,0.1876
350,350,0.46463,0.18863,-0.0048863,0.46367,0.098149,0.0051025,1,0.0058101,0.99419,0.010361,0.14625,0.00057859,0.0024765,0.0037294,7.4399e-05,0.00011027,34.979,38.479,1.3939e+07,1.3941e+07,0,0.18182,0.83983,0.81818,1,0.1878,0,0.15,0.1878
350,350,0.46358,0.18912,-0.0046011,0.46263,0.098637,0.0053219,1,0.0058102,0.99419,0.010244,0.14386,0.00057859,0.0024636,0.0036947,7.3555e-05,0.00010847,35.212,38.737,1.3939e+07,1.3941e+07,0,0.18182,0.84014,0.81818,1,0.188,0,0.15,0.188
350,350,0.46253,0.18962,-0.004316,0.46159,0.099125,0.0055412,1,0.0058103,0.99419,0.010126,0.14147,0.00057859,0.0024507,0.0036599,7.271e-05,0.00010667,35.446,38.995,1.3939e+07,1.3941e+07,0,0.18182,0.84045,0.81818,1,0.1882,0,0.15,0.1882
350,350,0.46149,0.19012,-0.0040308,0.46054,0.099612,0.0057606,1,0.0058104,0.99419,0.010008,0.13908,0.00057859,0.0024379,0.0036251,7.1866e-05,0.00010487,35.679,39.253,1.3939e+07,1.3941e+07,0,0.18182,0.84076,0.81818,1,0.1884,0,0.15,0.1884
350,350,0.46044,0.19061,-0.0037456,0.4595,0.1001,0.00598,1,0.0058105,0.99419,0.0098908,0.13669,0.00057859,0.002425,0.0035903,7.1022e-05,0.00010307,35.913,39.511,1.3939e+07,1.3941e+07,0,0.18182,0.84107,0.81818,1,0.1886,0,0.15,0.1886
350,350,0.45939,0.19111,-0.0034605,0.45845,0.10059,0.0061994,1,0.0058106,0.99419,0.0097732,0.13431,0.00057859,0.0024121,0.0035555,7.0177e-05,0.00010127,36.146,39.769,1.3939e+07,1.3941e+07,0,0.18182,0.84138,0.81818,1,0.1888,0,0.15,0.1888
350,350,0.45834,0.19161,-0.0031753,0.45741,0.10108,0.0064188,1,0.0058107,0.99419,0.0096556,0.13192,0.00057859,0.0023993,0.0035207,6.9333e-05,9.9465e-05,36.379,40.028,1.3939e+07,1.3941e+07,0,0.18182,0.84169,0.81818,1,0.189,0,0.15,0.189
350,350,0.45729,0.1921,-0.0028901,0.45637,0.10156,0.0066382,1,0.0058108,0.99419,0.009538,0.12953,0.00057859,0.0023864,0.003486,6.8489e-05,9.7664e-05,36.613,40.286,1.3939e+07,1.3941e+07,0,0.18182,0.842,0.81818,1,0.1892,0,0.15,0.1892
350,350,0.45624,0.1926,-0.002605,0.45532,0.10205,0.0068576,1,0.0058109,0.99419,0.0094204,0.12714,0.00057859,0.0023735,0.0034512,6.7644e-05,9.5864e-05,36.846,40.544,1.3939e+07,1.3941e+07,0,0.18182,0.8423,0.81818,1,0.1894,0,0.15,0.1894
350,350,0.45519,0.19309,-0.0023198,0.45428,0.10254,0.007077,1,0.005811,0.99419,0.0093029,0.12475,0.00057859,0.0023607,0.0034164,6.68e-05,9.4063e-05,37.08,40.802,1.3939e+07,1.3941e+07,0,0.18182,0.84261,0.81818,1,0.1896,0,0.15,0.1896
350,350,0.45415,0.19359,-0.0020346,0.45323,0.10303,0.0072964,1,0.0058112,0.99419,0.0091853,0.12236,0.00057859,0.0023478,0.0033816,6.5956e-05,9.2262e-05,37.313,41.06,1.3939e+07,1.3941e+07,0,0.18182,0.84292,0.81818,1,0.1898,0,0.15,0.1898
350,350,0.4531,0.19409,-0.0017495,0.45219,0.10351,0.0075158,1,0.0058113,0.99419,0.0090677,0.11998,0.00057859,0.0023349,0.0033468,6.5112e-05,9.0462e-05,37.546,41.318,1.3939e+07,1.3941e+07,0,0.18182,0.84323,0.81818,1,0.19,0,0.15,0.19
350,350,0.45205,0.19458,-0.0014643,0.45115,0.104,0.0077352,1,0.0058114,0.99419,0.0089501,0.11759,0.00057859,0.0023221,0.0033121,6.4267e-05,8.8661e-05,37.78,41.577,1.3939e+07,1.3941e+07,0,0.18182,0.84354,0.81818,1,0.1902,0,0.15,0.1902
350,350,0.451,0.19508,-0.0011791,0.4501,0.10449,0.0079546,1,0.0058115,0.99419,0.0088325,0.1152,0.00057859,0.0023092,0.0032773,6.3423e-05,8.686e-05,38.013,41.835,1.3939e+07,1.3941e+07,0,0.18182,0.84385,0.81818,1,0.1904,0,0.15,0.1904
350,350,0.44995,0.19558,-0.0008939,0.44906,0.10498,0.008174,1,0.0058116,0.99419,0.008715,0.11281,0.00057859,0.0022963,0.0032425,6.2579e-05,8.506e-05,38.247,42.093,1.3939e+07,1.3941e+07,0,0.18182,0.84416,0.81818,1,0.1906,0,0.15,0.1906
350,350,0.4489,0.19607,-0.00060873,0.44802,0.10546,0.0083934,1,0.0058117,0.99419,0.0085974,0.11042,0.00057859,0.0022835,0.0032077,6.1734e-05,8.3259e-05,38.48,42.351,1.3939e+07,1.3941e+07,0,0.18182,0.84446,0.81818,1,0.1908,0,0.15,0.1908
350,350,0.44271,0.19378,-0.00047783,0.44184,0.10433,0.0083808,1,0.0058143,0.99419,0.008447,0.1081,0.00057859,0.0022761,0.0031855,6.0644e-05,8.1491e-05,38.691,42.589,1.3939e+07,1.3941e+07,0,0.18182,0.84503,0.81818,1,0.191,0,0.15,0.191
350,350,0.43253,0.18932,-0.00046694,0.43167,0.10193,0.0081879,1,0.0058189,0.99418,0.0082712,0.10581,0.00057859,0.0022729,0.003173,5.9361e-05,7.9748e-05,38.884,42.812,1.3939e+07,1.3941e+07,0,0.18182,0.84579,0.81818,1,0.1912,0,0.15,0.1912
350,350,0.42234,0.18486,-0.00045605,0.42151,0.099527,0.0079949,1,0.0058235,0.99418,0.0080953,0.10353,0.00057859,0.0022697,0.0031604,5.8079e-05,7.8005e-05,39.077,43.035,1.3939e+07,1.3941e+07,0,0.18182,0.84656,0.81818,1,0.1914,0,0.15,0.1914
350,350,0.41215,0.1804,-0.00044515,0.41134,0.097126,0.007802,1,0.0058281,0.99417,0.0079194,0.10125,0.00057859,0.0022666,0.0031479,5.6796e-05,7.6261e-05,39.27,43.257,1.3939e+07,1.3941e+07,0,0.18182,0.84732,0.81818,1,0.1916,0,0.15,0.1916
350,350,0.40196,0.17594,-0.00043424,0.40117,0.094725,0.007609,1,0.0058326,0.99417,0.0077436,0.098971,0.00057859,0.0022634,0.0031354,5.5514e-05,7.4518e-05,39.463,43.48,1.3939e+07,1.3941e+07,0,0.18182,0.84808,0.81818,1,0.1918,0,0.15,0.1918
350,350,0.39178,0.17149,-0.00042334,0.391,0.092325,0.0074161,1,0.0058372,0.99416,0.0075677,0.096689,0.00057859,0.0022603,0.0031229,5.4231e-05,7.2775e-05,39.656,43.702,1.3939e+07,1.3941e+07,0,0.18182,0.84885,0.81818,1,0.192,0,0.15,0.192
350,350,0.38159,0.16703,-0.00041242,0.38084,0.089924,0.0072232,1,0.0058418,0.99416,0.0073918,0.094408,0.00057859,0.0022571,0.0031104,5.2949e-05,7.1032e-05,39.848,43.925,1.3939e+07,1.3941e+07,0,0.18182,0.84961,0.81818,1,0.1922,0,0.15,0.1922
350,350,0.3714,0.16257,-0.0004015,0.37067,0.087523,0.0070302,1,0.0058464,0.99415,0.007216,0.092126,0.00057859,0.002254,0.0030979,5.1666e-05,6.9289e-05,40.041,44.148,1.3939e+07,1.3941e+07,0,0.18181,0.85038,0.81819,1,0.1924,0,0.15,0.1924
350,350,0.36122,0.15811,-0.00039058,0.3605,0.085123,0.0068373,1,0.005851,0.99415,0.0070401,0.089845,0.00057859,0.0022508,0.0030854,5.0384e-05,6.7546e-05,40.234,44.37,1.3939e+07,1.3941e+07,0,0.18181,0.85114,0.81819,1,0.1926,0,0.15,0.1926
350,350,0.35103,0.15365,-0.00037965,0.35034,0.082722,0.0066444,1,0.0058556,0.99414,0.0068642,0.087564,0.00057859,0.0022477,0.0030729,4.9101e-05,6.5803e-05,40.427,44.593,1.3939e+07,1.3941e+07,0,0.18181,0.8519,0.81819,1,0.1928,0,0.15,0.1928
350,350,0.34084,0.14919,-0.00036872,0.34017,0.080322,0.0064515,1,0.0058601,0.99414,0.0066884,0.085282,0.00057859,0.0022445,0.0030604,4.7819e-05,6.4059e-05,40.62,44.815,1.3939e+07,1.3941e+07,0,0.18181,0.85267,0.81819,1,0.193,0,0.15,0.193
350,350,0.33065,0.14473,-0.00035778,0.33,0.077921,0.0062586,1,0.0058647,0.99414,0.0065125,0.083001,0.00057859,0.0022414,0.0030479,4.6536e-05,6.2316e-05,40.813,45.038,1.3939e+07,1.3941e+07,0,0.18181,0.85343,0.81819,1,0.1932,0,0.15,0.1932
350,350,0.32047,0.14027,-0.00034684,0.31984,0.075521,0.0060657,1,0.0058693,0.99413,0.0063367,0.08072,0.00057859,0.0022382,0.0030354,4.5254e-05,6.0573e-05,41.006,45.26,1.3939e+07,1.3941e+07,0,0.18181,0.8542,0.81819,1,0.1934,0,0.15,0.1934
350,350,0.31028,0.13581,-0.00033589,0.30967,0.07312,0.0058728,1,0.0058739,0.99413,0.0061608,0.078438,0.00057859,0.0022351,0.0030229,4.3971e-05,5.883e-05,41.199,45.483,1.3939e+07,1.3941e+07,0,0.18181,0.85496,0.81819,1,0.1936,0,0.15,0.1936
350,350,0.30009,0.13135,-0.00032493,0.2995,0.070719,0.0056799,1,0.0058785,0.99412,0.0059849,0.076157,0.00057859,0.0022319,0.0030103,4.2689e-05,5.7087e-05,41.392,45.706,1.3939e+07,1.3941e+07,0,0.18181,0.85572,0.81819,1,0.1938,0,0.15,0.1938
350,350,0.28991,0.1269,-0.00031398,0.28933,0.068319,0.005487,1,0.005883,0.99412,0.0058091,0.073876,0.00057859,0.0022288,0.0029978,4.1406e-05,5.5344e-05,41.585,45.928,1.3939e+07,1.3941e+07,0,0.18181,0.85649,0.81819,1,0.194,0,0.15,0.194
350,350,0.27972,0.12244,-0.00030301,0.27917,0.065918,0.0052941,1,0.0058876,0.99411,0.0056332,0.071594,0.00057859,0.0022256,0.0029853,4.0124e-05,5.3601e-05,41.778,46.151,1.3939e+07,1.3941e+07,0,0.18181,0.85725,0.81819,1,0.1942,0,0.15,0.1942
350,350,0.26953,0.11798,-0.00029204,0.269,0.063517,0.0051013,1,0.0058922,0.99411,0.0054573,0.069313,0.00057859,0.0022225,0.0029728,3.8841e-05,5.1857e-05,41.971,46.373,1.3939e+07,1.3941e+07,0,0.18181,0.85801,0.81819,1,0.1944,0,0.15,0.1944
350,350,0.25935,0.11352,-0.00028107,0.25883,0.061117,0.0049084,1,0.0058968,0.9941,0.0052815,0.067032,0.00057859,0.0022193,0.0029603,3.7559e-05,5.0114e-05,42.164,46.596,1.3939e+07,1.3941e+07,0,0.18181,0.85878,0.81819,1,0.1946,0,0.15,0.1946
350,350,0.24916,0.10906,-0.00027009,0.24867,0.058716,0.0047155,1,0.0059014,0.9941,0.0051056,0.06475,0.00057859,0.0022162,0.0029478,3.6276e-05,4.8371e-05,42.357,46.819,1.3939e+07,1.3941e+07,0,0.18181,0.85954,0.81819,1,0.1948,0,0.15,0.1948
350,350,0.23897,0.1046,-0.00025911,0.2385,0.056315,0.0045227,1,0.005906,0.99409,0.0049297,0.062469,0.00057859,0.002213,0.0029353,3.4994e-05,4.6628e-05,42.55,47.041,1.3939e+07,1.3941e+07,0,0.18181,0.86031,0.81819,1,0.195,0,0.15,0.195
350,350,0.22878,0.10014,-0.00024812,0.22833,0.053915,0.0043298,1,0.0059105,0.99409,0.0047539,0.060188,0.00057859,0.0022099,0.0029228,3.3711e-05,4.4885e-05,42.743,47.264,1.3939e+07,1.3941e+07,0,0.18181,0.86107,0.81819,1,0.1952,0,0.15,0.1952
350,350,0.2186,0.095683,-0.00023712,0.21817,0.051514,0.004137,1,0.0059151,0.99408,0.004578,0.057906,0.00057859,0.0022067,0.0029103,3.2429e-05,4.3142e-05,42.936,47.486,1.3939e+07,1.3941e+07,0,0.18181,0.86183,0.81819,1,0.1954,0,0.15,0.1954
350,350,0.20841,0.091224,-0.00022613,0.208,0.049114,0.0039441,1,0.0059197,0.99408,0.0044021,0.055625,0.00057859,0.0022036,0.0028978,3.1146e-05,4.1399e-05,43.129,47.709,1.3939e+07,1.3941e+07,0,0.18181,0.8626,0.81819,1,0.1956,0,0.15,0.1956
350,350,0.19822,0.086765,-0.00021512,0.19783,0.046713,0.0037513,1,0.0059243,0.99408,0.0042263,0.053343,0.00057859,0.0022004,0.0028853,2.9864e-05,3.9656e-05,43.322,47.932,1.3939e+07,1.3941e+07,0,0.18181,0.86336,0.81819,1,0.1958,0,0.15,0.1958
350,350,0.18804,0.082306,-0.00020411,0.18766,0.044312,0.0035584,1,0.0059289,0.99407,0.0040504,0.051062,0.00057859,0.0021973,0.0028728,2.8581e-05,3.7912e-05,43.515,48.154,1.3939e+07,1.3941e+07,0,0.18181,0.86413,0.81819,1,0.196,0,0.15,0.196
350,350,0.17785,0.077847,-0.0001931,0.1775,0.041912,0.0033656,1,0.0059335,0.99407,0.0038746,0.048781,0.00057859,0.0021941,0.0028602,2.7299e-05,3.6169e-05,43.708,48.377,1.3939e+07,1.3941e+07,0,0.18181,0.86489,0.81819,1,0.1962,0,0.15,0.1962
350,350,0.16766,0.073388,-0.00018208,0.16733,0.039511,0.0031728,1,0.005938,0.99406,0.0036987,0.0465,0.00057859,0.0021909,0.0028477,2.6016e-05,3.4426e-05,43.901,48.599,1.3939e+07,1.3941e+07,0,0.18181,0.86565,0.81819,1,0.1964,0,0.15,0.1964
350,350,0.15747,0.068929,-0.00017106,0.15716,0.03711,0.00298,1,0.0059426,0.99406,0.0035228,0.044218,0.00057859,0.0021878,0.0028352,2.4734e-05,3.2683e-05,44.094,48.822,1.3939e+07,1.3941e+07,0,0.18181,0.86642,0.81819,1,0.1966,0,0.15,0.1966
350,350,0.14729,0.06447,-0.00016003,0.147,0.03471,0.0027872,1,0.0059472,0.99405,0.003347,0.041937,0.00057859,0.0021846,0.0028227,2.3451e-05,3.094e-05,44.287,49.045,1.3939e+07,1.3941e+07,0,0.18181,0.86718,0.81819,1,0.1968,0,0.15,0.1968
350,350,0.1371,0.060011,-0.00014899,0.13683,0.032309,0.0025944,1,0.0059518,0.99405,0.0031711,0.039656,0.00057859,0.0021815,0.0028102,2.2169e-05,2.9197e-05,44.479,49.267,1.3939e+07,1.3941e+07,0,0.18181,0.86795,0.81819,1,0.197,0,0.15,0.197
350,350,0.12691,0.055552,-0.00013795,0.12666,0.029908,0.0024016,1,0.0059564,0.99404,0.0029952,0.037374,0.00057859,0.0021783,0.0027977,2.0887e-05,2.7454e-05,44.672,49.49,1.3939e+07,1.3941e+07,0,0.18181,0.86871,0.81819,1,0.1972,0,0.15,0.1972
350,350,0.11673,0.051093,-0.00012691,0.1165,0.027508,0.0022088,1,0.005961,0.99404,0.0028194,0.035093,0.00057859,0.0021752,0.0027852,1.9604e-05,2.5711e-05,44.865,49.712,1.3939e+07,1.3941e+07,0,0.18181,0.86947,0.81819,1,0.1974,0,0.15,0.1974
350,350,0.10654,0.046634,-0.00011586,0.10633,0.025107,0.002016,1,0.0059655,0.99403,0.0026435,0.032812,0.00057859,0.002172,0.0027727,1.8322e-05,2.3968e-05,45.058,49.935,1.3939e+07,1.3941e+07,0,0.18181,0.87024,0.81819,1,0.1976,0,0.15,0.1976
350,350,0.096353,0.042175,-0.00010481,0.096163,0.022707,0.0018232,1,0.0059701,0.99403,0.0024677,0.03053,0.00057859,0.0021689,0.0027602,1.7039e-05,2.2225e-05,45.251,50.157,1.3939e+07,1.3941e+07,0,0.18181,0.871,0.81819,1,0.1978,0,0.15,0.1978
350,350,0.086166,0.037716,-9.3746e-05,0.085996,0.020306,0.0016304,1,0.0059747,0.99403,0.0022918,0.028249,0.00057859,0.0021657,0.0027477,1.5757e-05,2.0482e-05,45.444,50.38,1.3939e+07,1.3941e+07,0,0.18181,0.87176,0.81819,1,0.198,0,0.15,0.198
350,350,0.075978,0.033257,-8.2681e-05,0.075829,0.017905,0.0014376,1,0.0059793,0.99402,0.0021159,0.025968,0.00057859,0.0021626,0.0027352,1.4474e-05,1.8739e-05,45.637,50.603,1.3939e+07,1.3941e+07,0,0.18181,0.87253,0.81819,1,0.1982,0,0.15,0.1982
350,350,0.065791,0.028798,-7.1612e-05,0.065661,0.015504,0.0012449,1,0.0059839,0.99402,0.0019401,0.023686,0.00057859,0.0021594,0.0027227,1.3192e-05,1.6995e-05,45.83,50.825,1.3939e+07,1.3941e+07,0,0.18181,0.87329,0.81819,1,0.1984,0,0.15,0.1984
350,350,0.055604,0.024339,-6.0537e-05,0.055494,0.013104,0.0010521,1,0.0059884,0.99401,0.0017642,0.021405,0.00057859,0.0021563,0.0027102,1.1909e-05,1.5252e-05,46.023,51.048,1.3939e+07,1.3941e+07,0,0.18181,0.87406,0.81819,1,0.1986,0,0.15,0.1986
350,350,0.045418,0.01988,-4.9458e-05,0.045328,0.010703,0.00085934,1,0.005993,0.99401,0.0015883,0.019124,0.00057859,0.0021531,0.0026977,1.0627e-05,1.3509e-05,46.216,51.27,1.3939e+07,1.3941e+07,0,0.18181,0.87482,0.81819,1,0.1988,0,0.15,0.1988
350,350,0.03523,0.015421,-3.8374e-05,0.035161,0.0083024,0.00066658,1,0.0059976,0.994,0.0014125,0.016843,0.00057859,0.00215,0.0026851,9.3442e-06,1.1766e-05,46.409,51.493,1.3939e+07,1.3941e+07,0,0.18181,0.87558,0.81819,1,0.199,0,0.15,0.199
350,350,0.025043,0.010962,-2.7284e-05,0.024994,0.0059017,0.00047383,1,0.0060022,0.994,0.0012366,0.014561,0.00057859,0.0021468,0.0026726,8.0617e-06,1.0023e-05,46.602,51.716,1.3939e+07,1.3941e+07,0,0.18181,0.87635,0.81819,1,0.1992,0,0.15,0.1992
350,350,0.014856,0.0065028,-1.6189e-05,0.014827,0.003501,0.00028108,1,0.0060068,0.99399,0.0010607,0.01228,0.00057859,0.0021437,0.0026601,6.7792e-06,8.2801e-06,46.795,51.938,1.3939e+07,1.3941e+07,0,0.18181,0.87711,0.81819,1,0.1994,0,0.15,0.1994
350,350,0.0046698,0.002044,-5.0898e-06,0.0046605,0.0011005,8.835e-05,1,0.0060114,0.99399,0.00088489,0.009999,0.00057859,0.0021405,0.0026476,5.4968e-06,6.5371e-06,46.988,52.161,1.3939e+07,1.3941e+07,0,0.18181,0.87788,0.81819,1,0.1996,0,0.15,0.1996
nan,nan,nan,nan,nan,nan,nan,nan,nan,nan,nan,nan,nan,nan,nan,nan,nan,nan,nan,nan,nan,nan,nan,nan,nan,nan,0,0.1998,0,0.15,0.1998
nan,nan,nan,nan,nan,nan,nan,nan,nan,nan,nan,nan,nan,nan,nan,nan,nan,nan,nan,nan,nan,nan,nan,nan,nan,nan,0,0.2,0,0.15,0.2
